ID,Mouth,Nasal,Skin,Stool
ID_UOIPKJ,6.6996467e-06,5.136055e-07,1.162632e-06,0.99999166
ID_XHBQPF,0.99387604,7.353564e-05,0.0059055095,0.00014489231
ID_KYILXT,0.9990344,1.4636233e-05,0.00088950276,6.141304e-05
ID_UFGHMX,8.2395745e-06,1.6900254e-05,5.6673398e-05,0.9999182
ID_URMZQG,1.4161961e-06,0.99998367,2.462089e-06,1.245425e-05
ID_XZGAZR,3.7831647e-05,7.2718544e-06,0.99993694,1.7998424e-05
ID_EWLDSP,0.00021669247,0.0017202666,0.0016239434,0.99643904
ID_MIZQYO,1.9053747e-05,4.6044705e-05,6.335212e-05,0.9998715
ID_TDWDXA,1.9270587e-06,0.9999912,3.5436535e-06,3.3648014e-06
ID_AUUTWM,0.00041608867,2.8708679e-05,0.9991116,0.00044355963
ID_CMXVYQ,0.9996643,0.0001246865,0.00014918893,6.180263e-05
ID_SPXUQR,0.9998785,6.313218e-05,5.2107083e-05,6.214627e-06
ID_NTHUOG,0.9986594,6.123492e-05,0.0012521175,2.7267528e-05
ID_NCEMDY,0.00020972136,7.708473e-07,6.906332e-07,0.9997888
ID_CPQIGO,3.363402e-05,1.8816311e-06,0.9999628,1.6458148e-06
ID_OHNZBJ,8.90976e-06,0.99994886,9.177808e-06,3.3042834e-05
ID_BYAFED,0.999153,2.9643175e-05,0.00074525183,7.20715e-05
ID_RSUGXE,0.0009538448,1.3412746e-05,0.99899906,3.364871e-05
ID_BNMXEV,1.7535926e-05,3.586297e-06,0.9999635,1.5408541e-05
ID_UXNIQI,3.249687e-05,4.641904e-06,0.9999609,1.9437466e-06
ID_RMLFIJ,0.00021182312,0.9961021,0.00015127823,0.00353476
ID_LQGGAD,4.6905723e-05,7.5594794e-06,0.9999372,8.312692e-06
ID_RUQJUY,1.346059e-05,1.3941207e-07,1.4952766e-07,0.9999863
ID_DZKIUK,1.345687e-05,0.9998043,0.0001520596,3.013384e-05
ID_DAKOMQ,0.99972373,0.00017051131,9.270177e-05,1.2986887e-05
ID_DQSPHV,3.849207e-05,0.00041789806,0.0011008095,0.9984428
ID_YOZYCT,1.0622194e-05,0.9999573,1.3717375e-06,3.0587264e-05
ID_EYRGGZ,2.0928168e-05,0.9998479,6.341543e-05,6.77208e-05
ID_AVMUKC,0.03717948,0.008723732,0.9523881,0.001708691
ID_IXCKHJ,0.99881303,6.6788143e-06,0.0010286731,0.0001517005
ID_HIJDMN,4.6761863e-05,0.999902,4.4855287e-06,4.669649e-05
ID_NGRGOW,4.3213026e-07,0.9999603,3.1099247e-05,8.051947e-06
ID_TZWFLT,1.761807e-05,0.9998418,8.128201e-06,0.00013240357
ID_BXLGGU,5.8034766e-05,3.3482212e-07,0.9999224,1.915319e-05
ID_EYVEPQ,9.966509e-06,3.101651e-07,2.482317e-07,0.9999895
ID_KKJRNI,0.0007171449,3.834409e-05,0.9991715,7.3011615e-05
ID_OUKSSJ,7.4992745e-06,0.99995303,4.9475607e-06,3.4474433e-05
ID_RCJRPR,1.6544573e-05,1.1365979e-06,1.0436576e-06,0.9999813
ID_TRMAWK,0.9557857,0.00053550483,0.043395568,0.00028324474
ID_GXSXOM,3.6973666e-05,0.00016087854,0.00030222372,0.9994999
ID_TVVOGT,0.99973875,7.800911e-05,6.4321845e-05,0.00011885512
ID_TRZMLZ,0.00046690405,8.687864e-05,0.99936086,8.5388594e-05
ID_GDAVXE,6.338518e-05,1.8513222e-06,0.9999287,6.042372e-06
ID_HXCRPH,2.2648178e-06,4.497301e-07,0.9999944,2.811894e-06
ID_PDGUOD,0.000109753615,9.12321e-06,1.5283827e-06,0.9998796
ID_KYHLUP,1.8320958e-05,0.99996376,4.23118e-06,1.37585575e-05
ID_UIJZCT,0.9995004,0.0002174285,0.00011176123,0.00017036253
ID_UWBLYI,0.00011111473,0.9984865,0.0004424157,0.00095984864
ID_HDJRBM,7.045344e-05,0.9997118,3.0408293e-05,0.00018731639
ID_JLFTVT,0.0001119884,1.5444945e-07,1.8875201e-07,0.9998877
ID_PXYGZV,0.0004571766,8.925243e-06,0.99934965,0.00018423883
ID_KRHOBX,7.682423e-06,0.99995744,2.312429e-05,1.1852684e-05
ID_NTRKRJ,0.97901285,0.020080538,0.00068168656,0.0002249436
ID_EGRLRM,2.3410753e-06,0.9999788,8.235737e-06,1.0619251e-05
ID_GUQQOZ,0.0035146114,0.00015320032,0.99618846,0.00014371266
ID_GSOESB,4.033312e-05,0.0013401663,0.00025370464,0.9983658
ID_ZLNTXR,0.99989676,2.967925e-05,4.7523197e-05,2.6023312e-05
ID_CGQXZL,2.4944959e-05,0.99973494,2.282717e-05,0.00021720634
ID_TXPIAA,6.1826635e-05,0.9997818,2.016237e-06,0.00015437753
ID_PBRNDT,3.0146011e-05,0.9995969,2.6921953e-05,0.0003460124
ID_BWNYHM,7.49408e-06,9.132179e-06,1.3790349e-05,0.9999696
ID_PSWPIE,7.0248243e-06,0.9999827,2.7402828e-06,7.5052785e-06
ID_VWSOLR,3.2791046e-05,2.8619454e-06,0.99995756,6.837712e-06
ID_HYWCAO,0.9997876,3.4179946e-05,0.0001252953,5.286377e-05
ID_DTOEMP,0.00014067382,1.7563738e-05,0.99982697,1.47999435e-05
ID_YTKUUL,1.725508e-05,1.4679832e-06,0.9999795,1.7849201e-06
ID_XLDPZS,0.99973506,0.0002541762,8.533959e-06,2.115553e-06
ID_CAMNHK,1.87537e-05,0.99993193,1.960071e-06,4.7387828e-05
ID_DSPHUD,2.4274292e-05,0.9999163,7.1711984e-06,5.217942e-05
ID_SLSSUE,0.99970466,3.5145815e-05,0.00018644532,7.373651e-05
ID_MUIUQL,0.00021195567,3.3813245e-05,0.99972993,2.4351006e-05
ID_IKVUWD,0.9998367,7.489516e-05,6.237871e-05,2.6151038e-05
ID_JAVLTI,0.00063732936,4.4828063e-05,0.9992907,2.7217351e-05
ID_RIAKBG,0.00027088416,2.036277e-05,0.9996618,4.6955633e-05
ID_RUCXQY,0.004373155,0.0004996242,0.9947207,0.00040649733
ID_QSESQA,0.9997676,6.746857e-06,0.00018593483,3.963533e-05
ID_DQYBXD,0.99976486,0.00018867622,3.4517678e-05,1.1909167e-05
ID_LRWCUV,1.320587e-05,2.4057729e-06,0.999977,7.3801593e-06
ID_ZCQPZJ,9.498158e-06,1.54227e-06,2.4848214e-05,0.9999641
ID_YOFONJ,0.00020076458,3.6022525e-06,3.7329457e-05,0.9997583
ID_PGFAHM,5.9073966e-07,0.9999865,7.88136e-06,4.98608e-06
ID_EKTTWX,4.099453e-05,0.00017237235,0.00033585104,0.99945074
ID_OGGKXA,4.4904515e-05,3.4642298e-06,1.4029093e-06,0.9999502
ID_MBFMSB,4.050455e-06,0.99997985,7.3946825e-07,1.5378742e-05
ID_EBWXAG,0.00022461655,4.228397e-05,0.9993475,0.00038558105
ID_RLMZSH,1.3064133e-05,0.99994063,1.2742069e-05,3.3496875e-05
ID_ZXTCJH,1.0337304e-05,8.1188475e-05,0.00062334375,0.99928516
ID_DPYKSG,0.0015082364,0.00020576638,0.9976876,0.0005985057
ID_BZYPZI,4.0780865e-06,1.473874e-06,8.862181e-06,0.9999856
ID_RGWSWF,1.42592635e-05,2.0347672e-06,7.5724415e-07,0.99998295
ID_PRMQOT,0.9996948,6.471316e-05,0.00022355281,1.6867467e-05
ID_URHMNJ,0.88732535,0.00015677216,0.110170916,0.002346974
ID_ZUTVQY,0.99968386,0.00021895698,6.0547554e-05,3.6747704e-05
ID_PPKBLF,4.050961e-05,0.9998754,1.0951868e-05,7.301848e-05
ID_CMCJKR,2.123188e-05,9.530352e-07,8.153675e-06,0.9999696
ID_YENVJG,0.00011831017,2.3989429e-05,2.3989235e-06,0.9998553
ID_ENHCCD,8.154031e-06,0.9999428,1.5130661e-05,3.397306e-05
ID_SNITZY,6.1731967e-06,0.99993026,4.0670115e-05,2.2884231e-05
ID_LEYQFD,0.99976045,2.657735e-05,0.00019490645,1.8060839e-05
ID_UYOVRS,2.6221287e-06,0.99999166,2.0416192e-06,3.6826402e-06
ID_UBEWPC,9.536423e-05,2.7332587e-06,0.99988914,1.2758095e-05
ID_XRZHAV,1.4062232e-05,4.356692e-06,0.9999696,1.1869309e-05
ID_NMPTSC,2.7362235e-05,0.0008144325,0.0008096744,0.9983486
ID_KEJCVV,0.00052023935,4.8179267e-05,0.99938846,4.3097596e-05
ID_UZDQMH,0.99948716,5.8682723e-05,0.00043478823,1.9353409e-05
ID_CXYITK,0.00025509114,4.817733e-06,0.99972624,1.37741135e-05
ID_UBVZZX,0.99372476,2.0072133e-05,0.0048840875,0.0013712276
ID_UGFAUT,7.500291e-06,9.822566e-05,0.000104233215,0.99979
ID_QAYMJX,5.7999132e-05,2.8797183e-05,0.9998919,2.1310028e-05
ID_FSTZWF,3.5591394e-05,0.99984896,2.4965893e-05,9.049643e-05
ID_MXIYTV,1.6621983e-05,7.677919e-07,6.1996855e-07,0.999982
ID_ISPEXV,0.9997662,6.176061e-05,0.00015746478,1.463274e-05
ID_RMWWZJ,4.832482e-06,0.99971217,1.4626927e-05,0.00026827698
ID_LRMWEM,5.0681832e-05,0.99990284,6.8026975e-06,3.9735092e-05
ID_OTAMKM,2.9786444e-05,2.3979408e-05,1.09030625e-05,0.99993527
ID_OCJFSP,0.9989681,5.188408e-05,0.0009526281,2.7435515e-05
ID_BUTTHJ,9.623855e-06,9.505362e-07,0.99998283,6.551217e-06
ID_IBDNAG,0.00014669278,4.6013054e-05,0.999718,8.924637e-05
ID_QSVRON,0.9987103,6.745319e-05,0.000967339,0.00025485063
ID_BSCLTL,0.99784446,5.82003e-05,0.0020092868,8.806869e-05
ID_BRXQMI,0.013041674,0.0015960535,0.9848312,0.00053113344
ID_LGKDBX,0.9997471,9.840428e-05,6.037655e-05,9.406185e-05
ID_RBPJIE,0.9997496,6.2436925e-06,0.00010166444,0.00014252082
ID_VBVWJD,0.9984882,0.0004946798,0.0009554906,6.165861e-05
ID_DCYZXZ,0.00015422987,1.163961e-05,0.99981576,1.8314455e-05
ID_EFKZYN,5.0220755e-05,1.3874628e-05,4.599468e-06,0.99993134
ID_DYYGRW,0.00010864798,5.1308043e-06,0.9998704,1.5751537e-05
ID_ZMEKSI,1.9124609e-05,1.2636895e-05,0.99995875,9.544416e-06
ID_LHOFOL,5.147445e-05,0.99940884,4.835404e-06,0.0005347743
ID_TMGNTU,6.1070234e-05,8.484945e-06,8.239183e-06,0.99992216
ID_NLPICA,4.5066437e-05,2.237576e-06,0.9999505,2.1936385e-06
ID_JCQLQG,0.9996043,0.00014106106,0.0002450931,9.551502e-06
ID_YYKIRN,4.3625784e-07,0.9999566,1.2956865e-05,2.9895566e-05
ID_WSMTLV,8.3114406e-07,0.99998844,1.5644679e-06,9.205952e-06
ID_UVEWHH,0.0048029325,0.00085145177,0.99424076,0.00010492334
ID_REYPNJ,5.601256e-06,4.1107655e-06,2.8422908e-05,0.99996185
ID_LYOJXP,0.0001276661,2.6234254e-06,0.9997681,0.00010171587
ID_ARGCHE,4.9788945e-05,0.9998771,1.0538164e-05,6.252728e-05
ID_GWJDGL,0.00030317417,6.9898397e-06,0.9996327,5.7080677e-05
ID_PWDCFX,0.0023737883,0.00047924658,0.99704796,9.902723e-05
ID_BBHZGN,0.9995264,0.00010239518,0.00029115585,8.0108875e-05
ID_QRZZWA,0.9997315,3.7833797e-05,0.00021041608,2.021165e-05
ID_LGFAYI,0.99949944,0.00022937404,0.00025277433,1.8504012e-05
ID_WWPMSP,3.5437386e-06,0.99998283,3.4031443e-06,1.01218275e-05
ID_LWLEZI,5.245704e-06,0.99996746,7.0906913e-06,2.028759e-05
ID_QTPUJG,1.4251682e-05,0.9999175,5.1035924e-05,1.716293e-05
ID_XAYTFP,0.00016545087,2.582688e-06,0.99976486,6.711431e-05
ID_YSKBBI,2.48218e-05,8.609726e-07,1.8235013e-06,0.99997246
ID_OJQATT,2.195159e-05,1.3970136e-05,9.6482645e-06,0.99995446
ID_WBMCVM,7.031043e-05,2.7666924e-06,0.99991155,1.5433285e-05
ID_JXCFZG,0.0019454557,0.00012187837,0.99773043,0.00020218274
ID_QTNNPA,2.2524995e-07,4.9825196e-08,0.999998,1.7519989e-06
ID_SUBJSJ,0.00075807644,4.1639727e-05,0.9990958,0.000104465944
ID_RRPSJN,0.00013155722,3.722041e-05,2.1034486e-05,0.99981016
ID_TMSZTO,0.999828,2.9090477e-06,7.910405e-05,8.994474e-05
ID_DHGWGW,0.0026695987,6.433297e-05,0.99698275,0.00028332812
ID_RRAGGS,8.462998e-05,0.0018850459,0.0006131754,0.9974171
ID_CTBHHY,0.00060844497,2.004028e-05,0.99930775,6.3719526e-05
ID_WTODMY,1.7308826e-06,0.9999895,4.15852e-06,4.5086013e-06
ID_CYIBFB,0.000101260346,3.910811e-06,0.9998658,2.904125e-05
ID_WJYUAL,2.0699264e-05,0.9997248,0.00016693944,8.748824e-05
ID_CHVVYY,1.42673425e-05,4.3052674e-05,3.22028e-05,0.9999105
ID_PXNHNU,2.161064e-06,0.9999739,2.4066192e-06,2.1595366e-05
ID_NHYWEN,7.0717783e-06,2.4354674e-06,7.699067e-05,0.99991345
ID_ZQJSXK,2.9642883e-05,9.144536e-06,0.99995625,4.9715472e-06
ID_DCSXUC,0.9994873,0.0003551765,0.00014890697,8.623956e-06
ID_HQJZSF,1.7726341e-05,2.7591043e-06,4.900132e-06,0.9999746
ID_VFYRUF,1.2463478e-05,0.9998832,1.9608366e-05,8.457612e-05
ID_JMGROA,3.828036e-05,0.9997745,5.7609224e-05,0.0001296388
ID_NFNPRL,1.230979e-05,0.9997607,5.001392e-06,0.00022202753
ID_EHBSHA,6.738057e-05,8.16172e-06,5.2791597e-06,0.9999192
ID_QXKVOW,0.001553512,0.00012503717,0.99821234,0.00010916466
ID_MLTJOR,5.9112763e-06,3.432451e-05,0.9999368,2.2871944e-05
ID_ZZWUCJ,0.083668664,0.004750552,0.9043941,0.007186705
ID_DVNEFD,0.044653002,0.0044805175,0.9478118,0.003054744
ID_ISGTTF,8.285226e-06,5.404071e-06,9.370216e-06,0.999977
ID_LMPJDC,1.2835649e-05,1.713198e-06,3.1321783e-06,0.99998236
ID_BXGPNO,0.9991062,6.7840185e-05,0.0007835036,4.2443382e-05
ID_EKMJZC,3.1126932e-05,0.99939215,4.2372405e-05,0.0005343777
ID_KKOBOD,2.977297e-06,1.0399773e-06,0.9999831,1.2828229e-05
ID_FWTBNG,1.1956485e-05,2.0878626e-07,0.99998033,7.5197045e-06
ID_ZCOHNC,1.982237e-05,6.607003e-05,0.00015953254,0.9997546
ID_ZAFLWS,2.5297342e-05,0.002935261,0.004009341,0.99303013
ID_XGJMZC,3.798329e-05,0.00011446706,0.00011408704,0.9997335
ID_BQALZS,0.8980238,2.4835304e-05,0.099317975,0.0026334405
ID_PLDVLB,1.46796665e-05,0.9998809,1.090011e-05,9.3512885e-05
ID_KCDUYG,4.8765264e-06,2.2743576e-08,0.9999931,2.023145e-06
ID_XBWYVZ,2.7003787e-06,1.7384382e-08,0.99999547,1.845255e-06
ID_COAYXA,5.0424052e-05,0.99976844,9.905653e-05,8.206524e-05
ID_XJRBMI,0.99855906,0.0010345641,0.00036608768,4.0409886e-05
ID_EJRTGT,0.0002210525,2.0302266e-05,0.99967015,8.853723e-05
ID_ZPWGNB,0.004213796,0.0003880948,0.99532604,7.203261e-05
ID_OWPRUX,0.0019074895,0.00014688821,0.9978027,0.00014303156
ID_FHKIGB,0.9997682,2.1043496e-05,0.00014818202,6.2589075e-05
ID_FRTXEK,0.99960095,0.00026569804,0.00012596324,7.3433534e-06
ID_LLPPYO,3.491341e-05,5.59008e-07,4.2428607e-07,0.9999641
ID_HPVLUO,2.5711106e-05,2.9313005e-05,4.6293673e-05,0.9998987
ID_JHMOXA,0.999683,0.00012886224,0.00016763985,2.0449785e-05
ID_BPZJQD,8.93669e-06,6.221054e-05,0.0001443612,0.9997845
ID_IDTLQJ,0.99982685,0.00016689011,4.8433076e-06,1.4653451e-06
ID_IEOLLX,0.99979335,0.000105735555,8.3445484e-05,1.7489272e-05
ID_RUVILG,0.00019649314,3.0578496e-05,0.9997545,1.8484567e-05
ID_ZCEXAD,7.422114e-06,3.23311e-06,0.0003021645,0.9996872
ID_HCHMLH,1.0270795e-05,0.99997425,6.060319e-06,9.374659e-06
ID_FXILGC,2.1140228e-05,0.9996805,0.00026249728,3.582457e-05
ID_JHDIEV,0.00052946823,8.538886e-05,2.1240825e-05,0.99936396
ID_SFUMKA,8.117963e-07,5.033777e-08,0.9999981,1.0588234e-06
ID_YVMIEX,6.7297224e-06,2.3461444e-06,7.199538e-06,0.99998367
ID_JEQRYR,3.3716387e-05,7.23458e-07,0.9999292,3.630996e-05
ID_ELMXSH,0.00016773236,3.6874364e-06,0.99980074,2.7885842e-05
ID_HECJPL,1.6808908e-05,5.2066603e-06,1.871621e-05,0.99995923
ID_IZGKUA,0.0003481713,1.1112453e-06,4.1397044e-07,0.99965036
ID_VLJTAB,0.9998517,2.2975892e-05,8.161399e-05,4.3620337e-05
ID_XOQVRA,3.7134155e-06,0.9999844,3.721289e-06,8.218648e-06
ID_KVSMTQ,0.00010410471,0.00095884904,0.0003158255,0.9986212
ID_MJDAET,2.133123e-05,0.9999002,2.7324357e-05,5.1185263e-05
ID_RCYKMF,2.3942393e-05,0.999943,9.329434e-06,2.3668263e-05
ID_SDLDMV,8.3619976e-05,5.4130555e-06,8.9390534e-07,0.9999101
ID_OTVREC,0.9998603,6.155356e-05,3.495969e-05,4.327543e-05
ID_LDNFCA,0.99995506,1.0997254e-05,2.4970781e-05,9.089567e-06
ID_NZMCVC,1.4163042e-05,0.9997181,1.2879668e-05,0.0002547689
ID_ZQTHSJ,4.8342183e-05,0.0003231807,0.00014499605,0.99948347
ID_AWHBEB,8.602868e-06,3.278537e-05,5.4922028e-05,0.9999037
ID_ZKEAEO,0.9992974,9.808835e-05,0.0005872423,1.726294e-05
ID_GITYQY,1.5456653e-05,0.999954,1.501924e-05,1.5474767e-05
ID_IPNWJS,2.813654e-05,1.153927e-06,0.99996257,8.124998e-06
ID_FGBIVM,4.703881e-06,0.999972,1.0837892e-05,1.2518025e-05
ID_IRJAOX,9.355119e-07,0.9999863,1.0412495e-05,2.4152664e-06
ID_IAYUXL,7.392053e-06,0.99997747,1.1851011e-05,3.3191386e-06
ID_ZQPHOL,5.7979687e-05,8.567489e-06,0.9999285,5.062722e-06
ID_FVXHYB,0.9998369,9.919892e-06,0.00011257205,4.068401e-05
ID_BBHQDM,0.00040619005,5.1430693e-06,0.9995783,1.0326285e-05
ID_JXIJHK,7.7751264e-07,0.99999654,3.7076163e-07,2.2268368e-06
ID_CYRXBM,9.956709e-06,0.9999422,2.0014753e-05,2.783027e-05
ID_XSITII,0.9244636,0.0005203452,0.07427885,0.0007371819
ID_FSVRAD,7.3562064e-06,2.2686928e-07,8.3587713e-07,0.99999154
ID_DEHZSK,0.95523053,0.003588628,0.041058514,0.00012240956
ID_RFKKZX,0.0003692459,9.557937e-05,0.99949443,4.0727205e-05
ID_QZAJWB,0.00013418615,0.9995977,1.7474713e-05,0.00025058325
ID_EWAEEB,0.00060763094,4.154578e-06,0.99934655,4.167596e-05
ID_IGDVEU,0.0018939469,5.6520057e-05,0.9979777,7.189986e-05
ID_CVBFDK,7.075431e-06,4.3840523e-06,5.3594005e-05,0.9999349
ID_CZJPWJ,1.6537086e-06,1.6829152e-07,1.5017014e-05,0.9999832
ID_UBTHLE,7.2771545e-05,3.0214915e-05,2.1706153e-05,0.9998753
ID_KRPYRQ,5.9518115e-06,0.9999529,4.7881194e-06,3.635791e-05
ID_HMTIMT,0.99977785,0.00016957655,4.0463572e-05,1.2035121e-05
ID_TQWIDM,3.6993224e-06,0.99995756,1.8476478e-05,2.0245006e-05
ID_JVLRWQ,0.9828917,0.00026739584,0.016321287,0.00051965413
ID_EBAFVX,0.9995426,0.0004487382,7.761794e-06,1.007304e-06
ID_LGZRGZ,5.9664497e-05,1.2934672e-05,4.7690896e-06,0.99992263
ID_XXPAOD,2.1084172e-05,2.20425e-05,1.8024912e-05,0.99993885
ID_EWYNGD,0.00038599095,1.5718755e-05,0.9995478,5.0546805e-05
ID_ZLNIVC,1.13229635e-05,4.35122e-07,8.071212e-07,0.9999875
ID_YFCWKA,0.9987968,0.00036181317,0.00081683457,2.4545148e-05
ID_KNZDMP,0.9998498,7.750749e-05,5.7953235e-05,1.4746236e-05
ID_YMJDMN,0.99898475,0.00021706673,0.0007446958,5.3494747e-05
ID_UJWTRH,1.2586514e-05,2.987221e-05,3.672775e-05,0.99992085
ID_OTIEVR,0.00019728982,1.5991964e-05,0.9997781,8.59208e-06
ID_ZIZGXX,0.98026305,0.017573472,0.0020725536,9.096435e-05
ID_AFAEMB,0.99955755,2.1719296e-05,0.0003963846,2.4303496e-05
ID_IBKNZU,2.2312537e-05,0.9997899,4.7710833e-05,0.00014020226
ID_PVTQFI,6.043826e-05,0.9992192,0.00019001852,0.0005304685
ID_XLDVCN,4.079614e-05,7.4014683e-06,7.929038e-06,0.99994385
ID_IJLDZY,9.2889395e-06,5.5336816e-08,0.99998856,2.1205942e-06
ID_FNCBDC,9.898998e-06,1.4514812e-05,0.00011107628,0.99986446
ID_ERGQHM,0.9902796,0.00025503148,0.009288884,0.00017648777
ID_IKMAKG,6.37821e-06,0.9999318,8.587765e-06,5.3158772e-05
ID_OLFWUX,1.917049e-05,3.149429e-07,0.9999716,8.946192e-06
ID_QPQFUP,4.9645286e-07,0.9999621,1.6896678e-05,2.0556186e-05
ID_HZITJP,2.0370217e-05,0.9998443,1.4102208e-05,0.00012121166
ID_SZMORK,1.8593726e-05,0.9998975,2.9298997e-05,5.46451e-05
ID_UBLPMY,1.8062456e-05,0.9997975,8.553482e-05,9.885406e-05
ID_VRFSBR,1.2645696e-06,0.9999927,1.7367018e-06,4.1324092e-06
ID_HEYXJI,0.9970085,4.0627383e-05,0.002750737,0.00020016082
ID_SCGIJI,8.406703e-05,1.3184218e-06,0.9998739,4.0797022e-05
ID_IYSRIJ,5.444989e-06,0.99992406,5.479115e-05,1.5564525e-05
ID_YTOJQQ,2.6966247e-05,0.99991226,1.06973275e-05,5.011067e-05
ID_IQCHWD,6.773075e-05,2.1113049e-06,0.99991274,1.7442602e-05
ID_HHJOJF,0.00022413522,2.6627697e-05,0.9997055,4.3793094e-05
ID_YKYPOY,5.5670957e-06,0.9999738,6.4241467e-06,1.4239143e-05
ID_WBMMPZ,0.9990012,7.876061e-05,0.000861109,5.8968275e-05
ID_VVEYSN,6.454984e-05,3.9903416e-06,0.999923,8.487339e-06
ID_RCUVRF,7.4931e-06,0.99997425,1.02939675e-05,8.00552e-06
ID_EBELWC,3.4603972e-06,0.99994373,4.2807966e-05,1.0053667e-05
ID_KIGPAK,6.956183e-06,0.9999701,7.671377e-06,1.5394395e-05
ID_ZANNAE,7.022775e-05,7.3559695e-06,0.99990594,1.642138e-05
ID_MOYCIS,2.153586e-05,3.4736736e-06,0.99996126,1.3741149e-05
ID_SNMASC,6.8798715e-07,0.9999517,2.965983e-05,1.7839813e-05
ID_GNHNVJ,0.99825376,5.007739e-05,0.0014337674,0.000262363
ID_PRKEKM,0.9996706,9.858418e-06,0.00025073683,6.878358e-05
ID_CMYHXL,0.00049051596,6.188612e-05,0.9993351,0.00011240027
ID_BRQVGL,0.021239104,0.0012175059,0.9761529,0.0013904691
ID_LLVAJH,6.895898e-05,2.9985197e-06,0.9999248,3.2008177e-06
ID_BGAQPG,0.000114161114,7.524035e-06,0.9998142,6.414139e-05
ID_VUFSVO,1.0788893e-05,1.8104381e-06,1.4462704e-06,0.99998593
ID_QRGJTL,0.9997365,4.4711658e-05,0.00015292385,6.5847045e-05
ID_OJKWLR,0.00013771078,1.6863483e-05,0.99980384,4.162932e-05
ID_CURZNU,0.9998971,3.5157576e-05,4.731533e-05,2.032689e-05
ID_RMTSMJ,0.0002894596,9.297856e-05,0.99958664,3.103114e-05
ID_PPXPKV,0.0001660969,2.8333918e-05,1.7530425e-05,0.9997881
ID_THXTJN,1.1207159e-05,1.2342905e-06,2.3950927e-06,0.9999852
ID_MUOGLX,0.9979305,0.0007084732,0.0011175444,0.000243555
ID_XSCGKH,2.7856115e-05,0.999931,2.1117452e-05,2.0016781e-05
ID_PTBYNC,0.9995459,0.00037083763,6.8619265e-05,1.4598102e-05
ID_CXKXTY,0.9998253,0.00013932005,2.7459737e-05,7.93048e-06
ID_NXWSMB,9.521692e-06,2.9893303e-07,3.2841535e-06,0.9999869
ID_MZJILQ,0.9995833,0.00027074513,0.00013347891,1.2555655e-05
ID_QKNHCR,2.1591675e-05,8.32841e-07,0.9999671,1.0536349e-05
ID_GMAGLB,0.00028389558,4.6997215e-05,0.9996495,1.9486168e-05
ID_RRNXWU,3.3947606e-05,0.99988854,4.1500225e-06,7.33111e-05
ID_OMCGWZ,0.9961128,1.7119863e-05,0.0028752317,0.0009948382
ID_PGWIWQ,8.745764e-06,0.9999238,2.782212e-05,3.9716866e-05
ID_EGSYYO,8.697456e-06,0.9996264,0.00023970938,0.00012512738
ID_HJNVPV,0.99971217,7.373946e-05,0.00016141821,5.2626237e-05
ID_ODOOCR,4.4095611e-07,0.9999931,3.958377e-06,2.4885585e-06
ID_IPUTNF,4.5023113e-05,8.751154e-05,0.00022452188,0.99964297
ID_QRHEXN,2.0581776e-05,0.99963844,0.00025357204,8.740747e-05
ID_MORRXV,3.5050834e-06,0.999985,7.4863233e-06,4.034927e-06
ID_SLMYSY,1.5038388e-05,1.5735128e-06,8.439517e-07,0.9999826
ID_HSUKYJ,1.4367699e-05,0.99996376,3.4148677e-06,1.834045e-05
ID_PANQZY,0.9991991,0.00013388573,0.0006503608,1.668056e-05
ID_EZJDLE,0.00028080016,6.092365e-07,1.9817908e-07,0.99971837
ID_EWBQCC,0.96474594,0.00021287767,0.03477693,0.00026417238
ID_DYXRFB,0.00014462305,2.4706484e-05,0.9998124,1.8279165e-05
ID_ERUQTZ,0.0002580629,4.5695913e-05,0.99968624,1.0032309e-05
ID_FYMQCV,0.9995987,0.00027488792,0.00012425693,2.1979458e-06
ID_IDVKOX,5.8461592e-05,7.4556515e-06,0.99990594,2.8112605e-05
ID_ZWKWIN,1.5073663e-05,2.017861e-06,3.44771e-06,0.9999795
ID_ULYCLD,0.0006026189,0.0062147332,0.0003953334,0.9927873
ID_LYLGTW,2.074604e-05,0.99932146,0.00010650023,0.00055128743
ID_UHJIFJ,0.99965656,0.00033036218,1.1287362e-05,1.8282267e-06
ID_FJZWNX,2.2816126e-05,4.6715882e-05,0.0002492456,0.99968123
ID_QLOFSU,1.6662949e-05,3.0730593e-05,3.625313e-05,0.9999163
ID_BAFNRW,0.00024720634,9.578993e-07,6.146549e-07,0.99975127
ID_GGUPKG,0.99983597,0.00013751167,1.8319017e-05,8.083434e-06
ID_WWVJZB,2.1424898e-05,0.00032053157,0.00084316765,0.99881494
ID_UYRVKP,0.00032227914,2.3416094e-06,5.884607e-07,0.9996748
ID_MDTLYS,3.4910067e-06,0.99998915,1.0793924e-06,6.2730046e-06
ID_PRLKYI,1.9569068e-05,2.8478353e-06,0.9999733,4.3063533e-06
ID_VAESYJ,2.5661078e-05,1.1060151e-06,4.3283106e-07,0.9999728
ID_QWHBRI,0.0002916638,5.2524698e-05,0.99963105,2.4746802e-05
ID_VMCDLK,1.5391196e-06,0.99997926,1.3991763e-05,5.29633e-06
ID_ZXNUDJ,0.9995952,0.0001507304,0.000198008,5.5972614e-05
ID_QCDDTP,0.9994349,0.0005556412,7.999806e-06,1.4436164e-06
ID_TTRXDO,0.9986656,0.0005277124,0.0007939638,1.2706078e-05
ID_CFQAKO,1.3973681e-05,1.2741844e-05,8.331701e-06,0.99996495
ID_CIGUQR,0.9994691,0.00050224835,2.6506992e-05,2.246955e-06
ID_YQOIHQ,5.4663287e-06,0.9999714,4.7521376e-06,1.8334747e-05
ID_CXKMII,1.1862978e-05,1.2474128e-06,3.4783884e-06,0.99998343
ID_PKQRMJ,9.381368e-06,2.9685657e-07,2.5940647e-06,0.9999877
ID_HEJUMM,3.266357e-05,1.712047e-05,2.1446293e-05,0.9999287
ID_UPIUVM,3.3855267e-06,0.9998833,0.00010053275,1.2867197e-05
ID_RYQIAU,4.92842e-06,2.1732336e-05,2.4617695e-05,0.99994874
ID_WMWSQL,9.531599e-06,2.2515456e-05,1.6798196e-05,0.9999511
ID_SFBLCM,1.274794e-05,6.382257e-06,0.9999769,4.005075e-06
ID_DESNNL,9.4120056e-05,9.0238046e-07,0.9998822,2.2761138e-05
ID_GUYLSW,1.975653e-05,1.5614556e-06,0.9999771,1.5947387e-06
ID_EAWZFF,4.986715e-05,2.5306243e-05,0.99983585,8.891731e-05
ID_LTOUMX,1.9057494e-05,7.5248054e-06,4.3996197e-06,0.999969
ID_YUEGJH,0.00026117076,7.939578e-05,0.9996449,1.4515001e-05
ID_DZCDNY,0.99981946,5.4711385e-05,8.781217e-05,3.799351e-05
ID_WUSJAO,0.00037835108,1.3755275e-06,3.7033863e-07,0.99961984
ID_GOLPVM,0.99258316,0.0048141647,0.0025537692,4.886408e-05
ID_PZGLVE,1.5544242e-06,1.6761089e-06,0.99999094,5.861554e-06
ID_BMOTBZ,0.9998734,5.1757805e-05,6.5165645e-05,9.621352e-06
ID_CCCVPZ,8.1725026e-05,0.99863064,0.0009455358,0.00034219326
ID_NMOUMD,1.7141176e-05,5.7781165e-07,1.707478e-06,0.99998057
ID_AYOAPD,0.9963535,0.00019089515,0.0027428442,0.00071279035
ID_VPNYMF,7.4214004e-06,6.644983e-07,0.9999906,1.2858916e-06
ID_EMAJOW,1.2720176e-05,1.7356374e-06,0.9999833,2.2079594e-06
ID_FAMGIP,3.795409e-06,0.9999672,1.4247593e-05,1.4709635e-05
ID_YYOCYN,0.036028154,0.0006873057,0.9617674,0.0015172259
ID_WLAYJI,0.00012365448,0.00013756307,4.9690698e-05,0.9996891
ID_XUKBYU,6.46265e-06,0.99987924,8.226123e-05,3.2106276e-05
ID_REMOGV,0.00018790737,4.407344e-06,1.523483e-06,0.9998062
ID_CMJWBS,0.010675898,0.0011371486,0.98762566,0.0005612692
ID_PWBLRE,0.0004239359,5.4148797e-05,0.9994999,2.2077458e-05
ID_JTGTDT,0.0001428387,0.0006757188,0.00028359337,0.9988978
ID_GMYKDR,0.9998661,2.0208743e-05,9.1936185e-05,2.1705953e-05
ID_IPIIVK,4.4034754e-05,0.00015187985,0.00011917356,0.99968493
ID_EUMUND,4.0705712e-05,7.865681e-07,0.9999049,5.3597047e-05
ID_XXYDBQ,7.596601e-07,0.99999833,2.0972456e-07,6.874578e-07
ID_QOCKYY,0.99962044,0.00021158875,8.8207096e-05,7.972108e-05
ID_BIVMAZ,0.99991727,5.797699e-05,1.2454517e-05,1.2379877e-05
ID_INTDEO,0.9997694,2.552169e-05,0.00014383832,6.12101e-05
ID_MNOFUX,3.867199e-05,0.9999062,8.424033e-06,4.6682748e-05
ID_AWUOPA,6.61526e-05,0.9997924,2.1903099e-05,0.00011949844
ID_TEJVIO,0.19259216,0.040921643,0.7599215,0.0065647103
ID_PWPECK,0.00033836596,1.4324598e-05,0.9996269,2.0321786e-05
ID_HGLFGL,1.423935e-05,1.8519622e-06,1.2716412e-06,0.9999826
ID_HJFWMV,0.0004933347,1.9325771e-05,0.9994609,2.6487947e-05
ID_MXMLNF,9.695146e-06,2.3961632e-06,1.3670208e-05,0.99997425
ID_WTYLTM,0.00027699384,3.9491028e-05,0.999666,1.7572369e-05
ID_GLDSLL,0.0028770599,6.520694e-05,0.99689263,0.00016524464
ID_TNDXKP,0.00011005213,1.5985506e-05,0.9996557,0.00021817749
ID_XJYLRF,2.374388e-06,0.9999757,1.1780984e-06,2.079041e-05
ID_VHVEKC,0.9745343,0.0028543512,0.022526577,8.469855e-05
ID_KGPLHC,8.078418e-06,7.721806e-06,2.5079447e-05,0.9999591
ID_MNFODC,4.541056e-06,0.999962,1.05257795e-05,2.300895e-05
ID_BGXBIY,6.895637e-05,5.554571e-07,7.387299e-07,0.9999298
ID_ABHFUP,3.044861e-06,0.999992,1.1212746e-06,3.782545e-06
ID_MGCBZX,0.9998658,1.8520966e-05,7.552307e-05,4.0198956e-05
ID_CFTZNA,4.889553e-05,3.562743e-05,4.515269e-06,0.99991095
ID_RRGPYK,4.7946905e-06,1.4871104e-06,1.774079e-05,0.9999759
ID_SXADYW,8.418e-05,3.4180885e-05,0.999876,5.620096e-06
ID_EWXVSN,2.9056833e-05,6.317137e-06,2.9812848e-06,0.9999616
ID_QZDQPX,0.9996985,7.599533e-05,0.0001751314,5.0319697e-05
ID_QVYSFM,3.0426096e-05,3.9064045e-05,4.1546115e-05,0.9998889
ID_WIUMTC,0.9996859,4.7149093e-05,0.0002040711,6.297787e-05
ID_ROCPLC,1.7935454e-05,2.187954e-05,8.7142456e-05,0.99987304
ID_GBCCNJ,0.0009753674,4.743969e-05,0.99890816,6.907623e-05
ID_MNFBKJ,1.3375909e-05,1.8743145e-05,1.4497218e-05,0.9999534
ID_XVQFWW,0.96372914,0.00024391264,0.035761405,0.00026545234
ID_NAHDLQ,0.9994087,0.00020156942,0.0003719085,1.7810362e-05
ID_IVAWBE,2.2395793e-06,0.9999919,9.1647377e-07,4.857027e-06
ID_JKVAAC,0.08363938,0.0005972026,0.9154013,0.00036216958
ID_GVZZFW,0.00029808952,9.921692e-05,0.9995915,1.1219726e-05
ID_KNUZPA,0.003702104,0.00044623268,0.9957468,0.00010488214
ID_VCUOUA,0.9997569,0.00011152837,0.000120878314,1.0731937e-05
ID_XCLVYX,3.2469157e-05,0.99985826,3.519046e-05,7.4192045e-05
ID_SJMQBD,2.1169639e-05,0.00021015004,0.000225588,0.9995431
ID_CCNTTA,0.00020480018,0.0001899997,0.0001838068,0.99942136
ID_DGIHFW,8.097401e-05,0.99983275,2.2230573e-05,6.4054e-05
ID_QXLQMR,7.685323e-06,0.9999354,2.2706303e-05,3.433713e-05
ID_ZDAUAT,0.9990491,0.00082522735,0.0001155117,1.01077e-05
ID_SHDIID,8.1890275e-06,0.99997485,7.881689e-06,9.052116e-06
ID_DZTHPW,0.99656004,2.180488e-05,0.003349263,6.882506e-05
ID_OVOOFO,2.96913e-05,1.708687e-07,0.9999651,5.0232484e-06
ID_AIQHUX,1.0620504e-05,3.0166304e-06,2.4120929e-05,0.9999622
ID_BZUXXM,2.9100273e-05,0.00010260366,0.00011411225,0.99975413
ID_CRIKEW,4.7000896e-05,1.3787961e-05,5.4659613e-06,0.9999337
ID_JBBPNR,0.9995678,2.415413e-05,0.00027775439,0.00013026691
ID_FOVLQW,4.9861617e-05,6.9558373e-06,0.9999404,2.7696342e-06
ID_XYZFLF,0.0016428919,0.00035325336,0.99789375,0.00011010884
ID_YWBMIU,2.0934554e-05,1.1167475e-06,3.337033e-06,0.9999746
ID_EOMOBF,2.843413e-05,0.00037822252,0.00014643525,0.9994469
ID_DQGGYD,2.070846e-06,0.9999826,3.8958337e-06,1.14019895e-05
ID_QXSOBJ,6.1163055e-06,0.99996996,1.6462856e-05,7.5299818e-06
ID_SDQRVB,8.011421e-05,1.7408096e-05,0.9998275,7.4959426e-05
ID_CHLDYV,0.000115139206,0.9995535,0.00014437092,0.00018692325
ID_BLOYRU,1.1567988e-05,2.766625e-06,0.9999825,3.2340001e-06
ID_EHJZYV,0.9997708,1.7621203e-05,0.00019085917,2.0768397e-05
ID_ZMZPNF,1.0950482e-05,0.9997632,1.874394e-05,0.00020708244
ID_KSJZYW,0.0007032635,7.842846e-05,0.9991598,5.8436915e-05
ID_GRTEMJ,6.23117e-05,0.9993419,0.0005127994,8.292691e-05
ID_PHXPOD,0.00028238853,3.9341514e-05,0.99964166,3.6549452e-05
ID_HMXDQX,1.337478e-05,6.765241e-08,3.2439016e-07,0.9999863
ID_ZPVCGH,9.566349e-06,1.1575693e-05,9.57734e-06,0.99996924
ID_DGMYWY,0.0007385338,0.00019423354,0.9990281,3.9159226e-05
ID_WFREVI,2.7729091e-05,3.8381488e-05,5.5834407e-05,0.99987805
ID_MPRONQ,1.61651e-05,8.4818544e-07,2.760744e-07,0.9999827
ID_JMFWFN,0.9979728,0.000798141,0.001202544,2.6553547e-05
ID_GXAHTP,0.9990343,9.664686e-05,0.0008251679,4.3815475e-05
ID_ZWFLBS,1.058088e-05,1.8812946e-07,7.332213e-07,0.99998856
ID_CHLUGJ,0.00022225629,3.1834177e-05,0.9997358,1.0105448e-05
ID_ZPHTGI,0.99703336,0.002359776,0.00023622124,0.00037067107
ID_IRWALG,1.2501159e-05,7.922638e-07,0.99998367,2.9548337e-06
ID_NZBHZD,1.1652183e-05,1.3977841e-06,1.3515397e-06,0.9999856
ID_ALGOGQ,7.1366953e-06,2.1776185e-07,0.9999819,1.0721287e-05
ID_ORIXUZ,2.495914e-06,0.9999852,1.621284e-06,1.0657183e-05
ID_OZGWSO,8.426815e-05,8.287491e-06,0.99987257,3.4856985e-05
ID_JUQIPF,0.9998404,0.00010425566,4.842253e-05,6.956933e-06
ID_LINAMW,0.00049482554,9.053133e-05,0.9993831,3.1549444e-05
ID_ZIMSNW,3.5687638e-06,0.9999225,4.7332825e-05,2.6554473e-05
ID_CQPBJZ,0.9996321,0.0002395965,0.000116182055,1.2049304e-05
ID_KNLXQL,0.00084045954,3.3808876e-06,0.9991485,7.6178358e-06
ID_JNZOKX,6.479239e-06,5.458848e-07,0.9999881,4.869266e-06
ID_XBBAGH,0.00058246584,7.379244e-05,0.99922144,0.00012233297
ID_BTVXGK,4.080135e-05,2.5385069e-05,1.3018802e-05,0.99992085
ID_WLOGEG,0.99991477,4.4395703e-05,1.6565275e-05,2.4302399e-05
ID_GUEYOJ,1.9082774e-05,3.75775e-06,2.3972548e-06,0.9999747
ID_DDGNIM,0.97948486,0.00017773632,0.019641154,0.0006962986
ID_ULZRVC,5.7386833e-06,6.1870915e-06,3.6337453e-05,0.9999517
ID_KWOISI,5.2905666e-06,0.99998426,1.4869923e-06,9.044505e-06
ID_DHZVMF,6.577291e-05,0.9995838,2.1002244e-05,0.0003294663
ID_ZPMIGD,0.9996877,7.929158e-05,0.00012086511,0.000112214104
ID_BUHWGN,0.99979883,1.0532878e-05,0.00014322781,4.7475467e-05
ID_KSRKIN,0.999408,0.0005210567,6.588664e-05,5.050632e-06
ID_UFBZOV,1.09233515e-05,0.99988794,5.418501e-05,4.690359e-05
ID_RUTEEA,0.00024531534,8.3414605e-05,0.9996332,3.8023438e-05
ID_GLLBKQ,0.99781764,0.00017774351,0.001938791,6.594359e-05
ID_DRBNSZ,0.0071510826,0.00016213176,0.99209505,0.0005916924
ID_MRASAT,0.00037349484,3.4143806e-05,0.9995765,1.5871166e-05
ID_KLVYAP,0.99638724,3.9906165e-05,0.0034217967,0.0001511104
ID_HWKIFI,0.00016732056,0.9992454,6.6215316e-06,0.0005805283
ID_NHJSDJ,0.00011799398,9.62124e-06,0.99986374,8.563758e-06
ID_PVFOBG,0.00011213857,3.4106884e-05,0.99976677,8.7040586e-05
ID_QHHFWC,0.0003060923,2.0935535e-05,7.2121725e-06,0.99966574
ID_OWQVGA,0.00012644699,0.99796665,2.3030037e-05,0.0018838266
ID_PCHQSU,7.787178e-06,0.99995697,3.874525e-06,3.1320076e-05
ID_WACWNE,0.00018560202,8.952457e-05,1.2983747e-05,0.9997118
ID_MNKUZR,2.8023025e-05,0.9989656,4.954386e-05,0.00095686316
ID_VIVXIR,9.882436e-06,1.2118951e-06,0.9999734,1.550152e-05
ID_CZUTBP,0.00072450616,4.500069e-05,0.9991918,3.8710605e-05
ID_DCMDEF,1.0641136e-06,0.99997604,1.356323e-05,9.347126e-06
ID_CRUQTU,0.00012145362,3.7726888e-06,0.99984336,3.129541e-05
ID_PKYMQI,0.9998093,0.00016944997,1.1864216e-05,9.286195e-06
ID_HMFMLT,0.9995691,0.00041993943,9.095414e-06,1.9245856e-06
ID_AYRSVB,0.9998616,4.492859e-05,8.711438e-05,6.283376e-06
ID_YXYPNE,1.3520702e-05,0.99994266,4.042798e-06,3.9841365e-05
ID_PDCVQE,1.0311168e-05,9.347244e-07,0.9999472,4.1548104e-05
ID_WZCZVF,0.00065286766,0.0004931218,3.0806565e-05,0.9988232
ID_BTYEBT,1.621056e-05,1.1401214e-07,3.9013074e-07,0.9999833
ID_XXEXGF,0.00016904909,8.039892e-06,0.99977154,5.1320414e-05
ID_NMZZMM,0.00021549255,2.0460966e-05,2.6963066e-06,0.9997614
ID_EDUVCV,0.00058602315,0.00017703632,0.9991942,4.2743377e-05
ID_BFALNR,0.999405,1.7825369e-05,0.0004987122,7.8451594e-05
ID_QLLZQZ,6.958154e-05,3.780706e-05,3.2507414e-05,0.99986005
ID_JUVDVO,0.00034627612,1.2080042e-06,0.99964726,5.2356736e-06
ID_IXPYEV,7.897787e-06,0.99994195,3.3206274e-05,1.6923754e-05
ID_ARCTEP,1.7614335e-06,0.99998224,8.017182e-06,8.021143e-06
ID_SUBIBF,6.2829795e-06,0.9999081,1.3751206e-05,7.1912094e-05
ID_VIFMCA,0.9998919,9.63403e-05,8.098138e-06,3.705205e-06
ID_UDICHC,1.7450624e-05,0.00011843372,6.6666566e-05,0.9997975
ID_AWDNCQ,1.0825033e-05,0.99988925,3.941278e-05,6.039331e-05
ID_LYDHSX,0.99939835,0.00025571982,0.00032377508,2.2186208e-05
ID_KYSBXX,0.0003764573,1.7268458e-06,0.999602,1.9734529e-05
ID_PFCUWV,0.99865925,0.00031013426,0.0010141875,1.6386586e-05
ID_MUJNJW,5.054889e-05,2.7609958e-06,1.723823e-05,0.9999294
ID_AMUYDZ,5.001831e-06,0.99997056,1.5862834e-05,8.55508e-06
ID_TNTYMU,1.7943921e-05,3.268504e-08,0.99998164,4.002007e-07
ID_AGHEZK,0.99988484,9.046689e-05,1.9759324e-05,4.8906495e-06
ID_RBRTQO,1.4144387e-05,0.99995077,2.3351251e-06,3.2612843e-05
ID_LDRIRX,0.00031741516,8.236091e-06,0.9996289,4.5392e-05
ID_CIVPPF,1.3747258e-05,0.9998908,1.939904e-05,7.5998636e-05
ID_RGCNWA,0.999665,0.00012784518,0.00016975011,3.7415608e-05
ID_TAXEGB,0.005665112,0.000116827214,0.9940486,0.00016951088
ID_RTTNZC,1.3425863e-05,0.9998597,7.9577585e-05,4.71841e-05
ID_KGGOYX,0.00024866208,2.6060967e-05,0.9997148,1.042998e-05
ID_UMYAFU,2.6655911e-05,1.7023296e-05,2.4266396e-06,0.99995387
ID_ZPRUAS,2.4295168e-06,0.99997914,1.1424573e-06,1.730019e-05
ID_WPGKPU,3.839483e-06,0.99998856,9.804495e-07,6.6344237e-06
ID_THGEGJ,0.99953794,0.00021380202,0.0001953446,5.300103e-05
ID_HLDEDL,1.3322495e-05,6.575779e-07,7.7628056e-07,0.9999852
ID_XBLBFN,0.00075339124,4.246256e-06,1.4910653e-06,0.9992409
ID_YNVASN,1.1499623e-05,5.8705264e-06,0.9999813,1.3469967e-06
ID_CEPPVK,0.9994473,0.0003615399,0.00018560317,5.6511135e-06
ID_PPEGDJ,0.9999194,1.804262e-05,4.296176e-05,1.9709567e-05
ID_IVTLDU,8.5584014e-07,0.9999844,1.03236935e-05,4.47014e-06
ID_EXIPCZ,3.3094982e-06,0.99998224,1.3646812e-06,1.30867475e-05
ID_TFOYNB,0.00012858343,2.236612e-06,0.99986386,5.2645896e-06
ID_XUBQXT,0.9865345,0.00025652477,0.013088959,0.0001201127
ID_GJDSLM,0.9995228,0.0004045871,5.8456084e-05,1.4092095e-05
ID_PNFCKW,0.0020029538,0.00028163637,0.9976496,6.579462e-05
ID_JLTBFO,1.34412085e-05,0.99983954,8.642094e-05,6.0495393e-05
ID_GTODPC,0.0014476146,7.759064e-05,0.99839705,7.768912e-05
ID_BXBUWW,0.0019704797,0.00012458976,0.997771,0.00013391093
ID_BMMBCB,0.0014136478,0.00041714625,0.9980724,9.685371e-05
ID_YRGNQU,4.9171344e-05,2.7877648e-05,2.7067397e-05,0.99989593
ID_MHBSUK,4.547177e-06,0.9999738,2.1356016e-06,1.960496e-05
ID_ZWUJFO,0.57916754,0.031645805,0.37919962,0.009987049
ID_LCRGSC,1.1831353e-06,0.99998486,1.0072353e-05,3.963096e-06
ID_UIFJLE,6.204398e-05,1.7766179e-06,0.9999293,6.944598e-06
ID_DRCHAK,6.0587113e-06,1.221412e-07,5.62999e-07,0.9999932
ID_CDWNJE,0.030512737,0.0029673043,0.96438515,0.0021347627
ID_ROIPLG,4.7066107e-05,1.7227447e-06,0.999946,5.238457e-06
ID_ATFRKF,0.00037582382,0.9985592,8.597996e-06,0.0010564976
ID_HHQNRS,0.00024967853,4.896435e-05,0.99965525,4.6079287e-05
ID_PGOFPW,0.99968135,6.647815e-05,0.000108637796,0.00014348027
ID_JTSIEM,8.568628e-06,0.99996686,7.5543485e-06,1.705304e-05
ID_RSCGZV,0.0004965159,0.99605274,6.727884e-05,0.0033833103
ID_SPALGS,2.4777324e-05,4.0355917e-05,6.106191e-05,0.99987376
ID_DJFCZY,1.8037077e-05,0.00010454776,4.5869005e-05,0.99983156
ID_CRRLME,2.9590923e-05,3.385636e-06,3.773224e-06,0.9999633
ID_IBCCFS,0.00013670143,4.3437885e-05,3.976448e-05,0.9997801
ID_BBZYDO,1.710079e-05,1.3469671e-06,0.9999802,1.3433622e-06
ID_QEBWST,7.1344286e-05,0.99980015,2.7560105e-05,0.00010091456
ID_RKOHFR,0.0011139369,3.3136007e-06,3.6878475e-07,0.99888235
ID_NRSIYE,8.483838e-06,3.4659215e-06,1.1288082e-05,0.99997675
ID_KPMQMU,0.0002617428,2.9845409e-05,0.9996699,3.851726e-05
ID_ENGLHB,0.00044495572,9.1550214e-07,1.0912508e-07,0.999554
ID_DQRJKX,9.279688e-06,9.9068e-06,2.2678276e-05,0.99995816
ID_UHCXKF,1.3776282e-06,0.9999776,4.236738e-06,1.6668295e-05
ID_XYJZIJ,7.921613e-06,0.9999702,3.2269115e-06,1.8721807e-05
ID_HRVNSM,3.3391239e-06,0.99997914,8.057597e-06,9.370361e-06
ID_UOSZZU,0.0029905338,3.7862465e-05,0.9968832,8.8458626e-05
ID_QAGXOK,5.9347235e-07,0.99999547,4.8862506e-07,3.435916e-06
ID_YDZRTT,2.0056032e-05,0.0005104817,0.0036153952,0.99585414
ID_UJTQRO,2.9690316e-06,0.99996483,2.1973307e-05,1.0277146e-05
ID_AMSOXU,0.9981186,0.0014683997,8.074242e-05,0.00033220742
ID_IZTUIX,0.9998419,6.0937633e-05,6.142002e-05,3.5715046e-05
ID_YZUYOS,0.9998994,6.584245e-05,2.6997628e-05,7.871135e-06
ID_SXCZVK,6.374532e-05,7.3141505e-06,1.5645852e-05,0.99991333
ID_UAVUGI,1.4816195e-05,7.66772e-07,2.159231e-07,0.99998415
ID_OTMNRG,3.12256e-06,0.9999329,4.2146523e-05,2.1809536e-05
ID_PBEPTC,9.145613e-07,3.6007688e-07,0.99999535,3.355775e-06
ID_QZGPGU,4.2896724e-07,0.9999838,7.83368e-06,7.877739e-06
ID_SHQXHO,0.0006028094,6.47679e-05,0.99927026,6.220043e-05
ID_PSQGYI,0.000950717,4.7632504e-05,7.5152766e-06,0.9989942
ID_LJQFWN,2.333189e-05,7.847595e-06,1.7478395e-05,0.99995136
ID_PTTKUH,5.8558686e-05,9.951435e-07,0.99992216,1.8226092e-05
ID_FTAXBU,0.9954501,8.882504e-05,0.004345928,0.00011511884
ID_BYYXZS,0.0002953007,6.6874134e-05,0.99955696,8.09472e-05
ID_EWZCIA,1.6745762e-05,3.3146178e-05,0.00012013999,0.9998299
ID_CNJEMU,3.0298064e-05,0.9996451,2.2920727e-05,0.00030172477
ID_AJGVTS,0.99970526,0.00021418539,5.263245e-05,2.7871482e-05
ID_MGUVTI,9.0341755e-06,0.99992883,3.276233e-06,5.8909554e-05
ID_PDCTGC,8.429727e-05,6.8234867e-06,2.5712711e-06,0.9999063
ID_IQUWWF,4.3356948e-05,1.4604898e-05,3.5736088e-05,0.9999063
ID_VWQBGB,5.3948243e-05,1.36412145e-05,0.9999291,3.3224646e-06
ID_WLADEH,4.199857e-07,2.1873787e-07,0.99999833,1.0842161e-06
ID_OMVAKT,3.6826976e-05,2.1414598e-06,0.9999571,3.987701e-06
ID_HTVKWC,5.1275987e-05,0.00051368616,0.0013402918,0.99809474
ID_BZILSP,8.725207e-06,0.99994326,1.6124679e-05,3.1930886e-05
ID_SLMINA,6.277494e-05,0.99915946,1.394313e-05,0.0007638082
ID_NMGGYU,5.4246107e-06,0.99998546,1.6732026e-06,7.394157e-06
ID_ZZIPPX,0.999746,4.4137094e-05,0.00017840152,3.143123e-05
ID_VQAROW,0.9454553,0.00025668784,0.053915568,0.00037244905
ID_EGCJWN,0.00055440795,8.234124e-05,0.99933726,2.5952753e-05
ID_AKIAKB,2.0870924e-05,4.9783193e-06,4.229411e-06,0.99996996
ID_VFAACQ,8.9186915e-06,7.923281e-07,0.99998856,1.7551363e-06
ID_HVISJK,1.8006507e-05,1.3632814e-05,1.4415376e-05,0.999954
ID_ZTKFQH,2.049698e-05,1.6281268e-06,3.893152e-06,0.999974
ID_IQGRGJ,3.093451e-06,0.9999902,1.703469e-06,5.0405883e-06
ID_SICHIC,6.624262e-05,0.9986135,1.2509247e-05,0.0013078505
ID_MSKYZF,0.00074020855,0.00015118676,0.9990491,5.9462363e-05
ID_LIYLWT,2.5743857e-05,3.7758268e-06,1.3030727e-06,0.9999691
ID_IEFQOC,0.00018254452,3.951995e-05,0.9997304,4.7578684e-05
ID_QJPPKT,2.073896e-06,0.99998176,1.5465177e-05,6.8171295e-07
ID_JVEFEE,0.00015982779,3.510023e-05,0.9997992,5.817869e-06
ID_FHIWZA,1.1805222e-05,1.0320913e-05,5.4092725e-05,0.9999238
ID_JECZIE,0.0001538995,8.934179e-06,0.99982005,1.7166054e-05
ID_RAWHIQ,7.776682e-06,2.4526476e-05,4.820469e-05,0.99991953
ID_IIAVBJ,0.99479634,4.6849356e-05,0.0049883467,0.00016853011
ID_NJLZUJ,1.5088138e-05,0.99973196,0.00010855599,0.00014432622
ID_FBVDCV,0.998966,0.00070653914,9.783445e-05,0.0002296444
ID_BWUYYP,0.99985147,0.00013273256,1.2175026e-05,3.5438106e-06
ID_XFSLFU,0.99945897,8.509959e-05,0.00034061464,0.000115355164
ID_EUHSAJ,4.403258e-06,0.99994874,4.4190247e-06,4.2378746e-05
ID_PICJTF,0.000102251724,0.99978095,3.903134e-05,7.787155e-05
ID_QTBPXG,4.0461386e-05,6.819646e-06,0.9999498,2.8576685e-06
ID_KDUBNX,6.26987e-07,2.9105067e-07,0.9999981,9.798887e-07
ID_BWVHUF,0.99698657,3.570841e-05,0.0027843732,0.00019335475
ID_YZJCKD,0.99994767,3.4559405e-05,8.828307e-06,8.894239e-06
ID_AUPWYI,7.3585984e-06,7.907847e-08,1.500763e-07,0.9999924
ID_MPKKUQ,3.4373745e-05,9.041135e-06,6.385606e-06,0.9999502
ID_JDEOCS,6.448618e-05,1.6860787e-07,0.999931,4.4252847e-06
ID_NDSJDA,2.7140257e-05,8.840494e-06,0.9999615,2.449388e-06
ID_LPMFGH,3.0571798e-07,0.9999846,1.0865738e-06,1.3930445e-05
ID_BNZPZI,2.4686069e-05,0.9997297,0.00011779705,0.00012788565
ID_DUQOMR,1.6601363e-05,0.9999262,2.7792112e-05,2.9466064e-05
ID_EJUYIB,6.699242e-05,0.99882597,0.0008120536,0.00029496712
ID_RRBFNL,0.0002217667,1.1758676e-05,0.99973446,3.2007472e-05
ID_VLTTHY,5.9409367e-06,0.99998,4.3607024e-06,9.6186795e-06
ID_SXNPKC,4.0631844e-06,0.9999716,6.883943e-06,1.745621e-05
ID_NKRJRE,0.0047657844,0.0008074008,0.99388415,0.0005426927
ID_TVDXTF,3.4904253e-05,7.092349e-05,2.0471227e-05,0.99987364
ID_MBGIRZ,1.583108e-05,3.6368413e-06,0.999979,1.6072311e-06
ID_TMLHZP,0.99869066,0.000104179286,0.0011310288,7.419274e-05
ID_WHIUUU,0.99926776,0.0005975311,0.00012601724,8.728555e-06
ID_EFLZAC,4.3820608e-05,7.286713e-05,0.999851,3.2258027e-05
ID_UJNKSW,3.7487243e-06,3.9823053e-07,3.5915787e-06,0.99999225
ID_SBEIYW,2.5010011e-05,1.42823565e-05,1.128716e-05,0.99994946
ID_RVUZXG,0.99913967,0.00013854809,0.00067942066,4.2430598e-05
ID_KVZAOY,4.380662e-05,7.0196415e-06,3.4990924e-05,0.99991417
ID_PIAMAG,0.9782502,0.017607654,0.003992376,0.00014969146
ID_HGSQFS,9.769711e-06,3.7405156e-05,3.9880782e-05,0.999913
ID_ZRCWCQ,9.3062205e-05,2.6902926e-06,0.9998878,1.6428115e-05
ID_BSFZJR,1.0283617e-05,0.9999515,2.6422251e-06,3.5684774e-05
ID_GAQOSA,9.685273e-06,8.7040274e-07,1.2173585e-06,0.9999882
ID_QETYTO,8.706532e-06,7.998433e-07,8.803349e-06,0.99998164
ID_BSUSJN,0.99955934,0.00027304768,3.678113e-05,0.00013077591
ID_VHSOVP,9.123461e-06,2.534597e-05,5.937528e-05,0.9999062
ID_MCMKMO,1.25047245e-05,0.99980825,2.0929034e-05,0.00015823812
ID_PVDPOY,8.743453e-06,0.9999428,6.7189817e-06,4.1838735e-05
ID_VEGQTZ,0.99894863,0.00010100358,0.0008842394,6.623244e-05
ID_CURUPB,4.58262e-06,0.99996555,1.5767793e-05,1.4169317e-05
ID_LUMPGJ,2.4984038e-06,0.99998665,5.8132746e-06,5.0613744e-06
ID_UAZQTA,0.00031733635,6.22302e-05,0.9995627,5.776336e-05
ID_ISTTZD,0.9999585,1.4112267e-05,2.2098291e-05,5.411366e-06
ID_QZIMFY,3.2969583e-05,2.551237e-05,1.3803325e-05,0.99992776
ID_ORFPYF,0.008037048,0.00058417156,0.99104476,0.00033399276
ID_TWFOOH,0.999969,2.5789708e-05,4.0101118e-06,1.2113328e-06
ID_HWYATC,4.4906523e-05,0.99975747,1.1915623e-05,0.00018568487
ID_XDFTZZ,1.0596792e-05,5.4511155e-08,1.6883877e-07,0.99998915
ID_MMGILS,7.81234e-05,1.4940093e-06,1.4671134e-06,0.99991894
ID_SZOAOB,0.9637619,0.0007568543,0.033047054,0.0024342167
ID_WYXUVZ,0.99840647,1.2229598e-05,0.0010409349,0.000540304
ID_DLQHZF,1.7187851e-05,1.87445e-05,5.3736658e-05,0.99991035
ID_DPIERJ,0.9998658,2.3087774e-05,9.270141e-05,1.8366356e-05
ID_AKWSZD,6.7830246e-05,6.8729685e-05,2.9610408e-05,0.9998338
ID_QYBWII,1.801154e-05,7.4420504e-06,8.141636e-06,0.9999664
ID_DEACVT,0.0009071456,6.9375587e-06,6.0406416e-07,0.9990853
ID_HTVJNB,1.2023795e-06,0.99999285,1.2361045e-06,4.7108165e-06
ID_ESCLBF,3.1505937e-05,5.2486892e-05,8.29112e-05,0.9998331
ID_AOQGWN,0.002256435,9.108101e-05,0.99754757,0.00010492582
ID_NXBDAW,0.9889122,0.007423904,0.0032329278,0.0004309906
ID_LPZBKI,3.494346e-05,1.5032583e-06,0.9999585,5.0296194e-06
ID_FKCFBO,5.4469278e-05,1.1564973e-05,0.9999306,3.303992e-06
ID_ZOJNBU,0.9998362,2.2577631e-05,9.0230285e-05,5.1040923e-05
ID_DZYFXF,1.6759153e-05,0.9999398,2.098226e-06,4.1303527e-05
ID_PAIYWE,0.00023763973,4.9608925e-06,0.9997515,5.8330525e-06
ID_TFMMKM,1.2143632e-05,1.118455e-05,6.194085e-06,0.99997044
ID_FNMLKG,0.9999268,2.595749e-05,2.3594883e-05,2.3633167e-05
ID_RYQIJC,0.007124267,0.0008320569,0.9918932,0.00015054597
ID_RJKRIP,2.5376383e-05,7.580591e-07,4.5920768e-07,0.9999734
ID_FSYFIA,1.21756575e-05,0.9999691,7.311713e-06,1.1439455e-05
ID_YPEUWH,0.0007355553,0.00013159952,0.9990324,0.00010055128
ID_UTASYL,0.99803096,8.827853e-06,0.0016827828,0.00027744952
ID_SGNHCD,0.00010552126,6.822441e-06,0.9998741,1.3527655e-05
ID_PIJZTT,0.000105974206,3.1226202e-07,1.2748299e-07,0.99989355
ID_UGKPXK,3.310354e-05,1.7083052e-05,2.224935e-05,0.9999275
ID_WFEQIT,0.0008841857,0.997364,0.00020734973,0.0015444838
ID_WTJDCG,7.4357135e-06,0.99987936,9.016709e-05,2.309723e-05
ID_KVGOQK,0.000108060514,8.008391e-06,0.9998684,1.5539248e-05
ID_KIMKCB,0.0003974152,0.00013139658,0.99937147,9.9734236e-05
ID_QQBJRO,2.39211e-05,3.0341655e-05,5.508639e-05,0.9998907
ID_RXLXBE,6.603403e-05,0.00067510206,0.00010337467,0.9991555
ID_LFCWWU,8.892243e-06,0.999977,2.5912577e-06,1.1455091e-05
ID_RBVWUL,0.9988681,3.2290918e-05,0.0008536424,0.00024597766
ID_YGISHC,0.001861228,0.00022866721,0.9978382,7.1991424e-05
ID_BIZXXH,3.5130104e-06,0.9999819,1.9626925e-06,1.2807813e-05
ID_IXKYFH,4.9499395e-05,0.999821,3.130367e-05,9.822608e-05
ID_SUTSJH,1.9857298e-05,0.9995478,0.00032867462,0.000103662795
ID_IEHNEU,3.3003114e-05,1.6836683e-06,0.999938,2.728789e-05
ID_AIVFAZ,1.2937722e-05,8.036414e-05,0.00027269282,0.999634
ID_IYVHTQ,0.0011181794,8.4294e-05,0.9984981,0.00029949984
ID_HGAKXN,4.1036892e-05,0.9997167,2.6817215e-05,0.00021544326
ID_WERGBL,0.00017096671,5.3018125e-06,0.99981123,1.2519451e-05
ID_IMWLHD,0.003150733,4.596078e-05,0.9967231,8.024276e-05
ID_ZBAENY,0.9995291,0.00017215258,0.00028613303,1.2584092e-05
ID_XEVQHX,5.4454897e-05,3.788667e-06,3.364396e-06,0.99993837
ID_DZAKRS,1.0684826e-05,0.9999713,3.5568924e-06,1.4431306e-05
ID_OGBSZV,0.000111705216,0.99837375,2.4096924e-05,0.0014904017
ID_MSXYUE,1.1192424e-05,1.0040471e-05,2.8465629e-05,0.9999503
ID_ANSGID,0.00035617204,0.00020025128,0.99941003,3.358521e-05
ID_OSGSTN,0.00032747447,1.5019241e-05,0.99942017,0.00023731482
ID_CAFLUD,0.99988115,4.6066734e-06,8.741393e-05,2.6838848e-05
ID_EZTVQT,0.9997223,9.800548e-05,0.00015121707,2.8514423e-05
ID_WECZXK,0.0003608558,0.00097104226,0.000536161,0.99813193
ID_SHDKUX,4.4157074e-05,0.9997466,1.1200426e-05,0.0001980159
ID_BYCFRG,4.1841864e-05,1.0813168e-06,5.3771373e-07,0.9999565
ID_HJGLOZ,0.00010851706,0.99942017,8.3156865e-06,0.0004629388
ID_OPISVA,0.9997702,0.00013595329,7.482892e-05,1.8991335e-05
ID_QKFDBL,4.684515e-06,0.99996436,1.6344406e-05,1.460349e-05
ID_ZGPWDB,0.9998235,1.0337066e-05,0.000120815035,4.5299414e-05
ID_XREJEU,3.835538e-05,0.0017580659,0.004672716,0.9935309
ID_CNYSMN,1.676046e-05,7.027921e-05,0.00018037469,0.99973255
ID_FNIOOK,0.99975926,0.00016222014,3.0459832e-05,4.8083562e-05
ID_AKDVQI,3.3139087e-05,0.999905,3.113095e-06,5.881878e-05
ID_YNYVDX,1.9048095e-05,1.2816116e-06,0.9999696,9.969153e-06
ID_EAPIEV,4.2505458e-06,7.1407993e-07,1.3893508e-06,0.9999937
ID_EUOCRC,0.9996238,0.0001491725,0.00021818197,8.86555e-06
ID_MXOEXX,1.2545796e-05,2.1510825e-06,7.954298e-06,0.99997735
ID_QWVCLM,3.9476985e-05,1.1574445e-05,1.2178029e-05,0.9999368
ID_EFHUUR,0.9978789,0.00013714307,0.0018794666,0.000104470535
ID_HUFMBH,0.00086571893,0.00014848466,0.9984736,0.00051216094
ID_OIJPYH,7.930234e-06,0.999961,1.7288314e-05,1.368268e-05
ID_ORCSSL,7.456427e-05,9.999945e-06,0.99973005,0.00018530333
ID_VMJTGH,0.0004739053,7.432894e-05,0.9994216,3.0111622e-05
ID_SVISXU,4.3976164e-05,1.6571277e-05,0.9999347,4.735618e-06
ID_KZTCIC,2.3529153e-06,0.99995863,2.8600809e-05,1.0312447e-05
ID_LKQWDV,0.001042707,2.0198331e-05,0.99890125,3.5840676e-05
ID_GVPQXB,2.5911697e-05,1.0045757e-05,4.303671e-06,0.9999597
ID_BMLXGW,0.00013709364,8.108424e-06,0.9998356,1.9167861e-05
ID_MMPFYM,2.3669447e-05,0.99992347,1.4372876e-05,3.8353228e-05
ID_XGFKEN,0.0011805868,1.4508928e-05,0.9987808,2.4177016e-05
ID_EXBCAT,1.8059964e-05,6.4600717e-06,6.0308714e-05,0.9999151
ID_YMUIJN,0.99829763,0.0010353992,0.00016461499,0.0005024308
ID_FQMGPK,3.4657173e-08,1.0,2.8823472e-08,5.6283447e-08
ID_GKKZPM,8.741984e-06,0.9999627,7.349024e-06,2.1250753e-05
ID_AJKHOU,7.699697e-07,0.99999154,7.259294e-06,5.0150305e-07
ID_AWINYS,5.589661e-05,2.3545304e-05,1.2517918e-05,0.9999081
ID_XAZALC,0.00039820204,0.0005507604,0.00019353701,0.9988575
ID_ZTRJPX,4.5075217e-06,0.9998301,0.00014854806,1.6849492e-05
ID_ONFDRI,0.0003141861,2.4067483e-06,9.405997e-07,0.9996824
ID_WLNQUD,2.9890385e-05,1.1579453e-06,0.9999608,8.171102e-06
ID_CKZWMZ,0.99984694,4.7834565e-05,6.349591e-05,4.174561e-05
ID_RCRXQD,2.3008652e-05,0.99973637,0.00010443946,0.00013621604
ID_KVSAIV,2.6626535e-06,0.99997616,1.1064245e-05,1.0157859e-05
ID_ZLFEAA,0.0002482119,2.0941132e-05,0.99966323,6.759777e-05
ID_LGFEKR,3.9128863e-06,0.99998343,1.7007774e-06,1.1026194e-05
ID_LCBVPJ,3.604961e-05,4.902085e-06,5.60217e-06,0.9999534
ID_WNGDEB,0.9978816,0.0015027868,0.0005975752,1.8045766e-05
ID_YJTPWN,6.631543e-05,3.3919223e-05,0.9998246,7.520917e-05
ID_XZBUJB,2.2231575e-06,0.999987,7.4953828e-06,3.261805e-06
ID_SXADNZ,0.0011361735,0.00011688854,0.99872017,2.6767832e-05
ID_ELCGSP,3.4705958e-05,0.9998468,3.0959392e-05,8.750651e-05
ID_ZIQGRT,1.0177237e-05,1.6137941e-05,0.00011051549,0.99986315
ID_YBNOYC,7.1511977e-07,0.9999944,6.998743e-07,4.2190113e-06
ID_IEMAVT,0.00019252562,1.0967682e-05,0.9997801,1.6467298e-05
ID_RKQIFO,3.242602e-05,4.4693084e-06,0.9999604,2.6256325e-06
ID_UWFKLU,0.00035566572,3.973471e-05,1.0698103e-05,0.9995939
ID_TKNLZJ,4.128027e-05,3.7751054e-06,0.9999306,2.4337969e-05
ID_HYTXHX,2.0608726e-05,7.857105e-06,3.1442135e-06,0.9999684
ID_IMSZXP,1.7553655e-06,0.9999865,8.769937e-07,1.0830362e-05
ID_HITNRL,0.00026201553,1.7214325e-05,0.99969757,2.3277102e-05
ID_SRRBVW,0.9994179,7.566929e-05,0.00041333164,9.317091e-05
ID_WUGFVI,9.537672e-07,0.9999906,8.277236e-06,2.6912502e-07
ID_DBPGZB,4.021343e-06,3.3052507e-07,0.9999945,1.01646e-06
ID_DVPYOJ,4.962662e-06,0.9999746,1.1150453e-05,9.221809e-06
ID_DHEWQO,0.00031969146,1.6851454e-06,4.08997e-07,0.99967825
ID_CWNXOC,2.5512027e-05,7.1691364e-05,0.0001276429,0.9997751
ID_DDCLES,0.0015576353,0.00029708576,0.99801147,0.00013370364
ID_XVUIVT,9.061577e-05,7.2356546e-05,0.9997973,3.9824252e-05
ID_SMBIHP,2.6580661e-05,0.9996904,0.00017092291,0.00011209526
ID_MFBQPQ,3.3350127e-06,0.9999813,1.1897066e-05,3.4845e-06
ID_DDERSC,0.9996673,0.0002139976,0.000108532506,1.01095275e-05
ID_TTRXNQ,1.2042669e-06,0.9999248,3.7112716e-06,7.038442e-05
ID_VRIWON,2.0189211e-06,0.9999802,1.0720013e-05,7.0087262e-06
ID_RNXHHA,9.47546e-06,2.764793e-05,3.6823127e-05,0.9999261
ID_PROOUK,2.6503255e-06,0.9999846,4.1279877e-06,8.562359e-06
ID_XPHJMZ,7.541121e-07,0.99996006,1.673367e-05,2.2564907e-05
ID_ECKILA,8.0765185e-06,5.599877e-07,2.4175242e-06,0.9999889
ID_CTHPWQ,2.460154e-05,1.4467534e-05,1.065806e-05,0.9999503
ID_WNJPFT,0.99964094,3.9451683e-05,0.00024404807,7.5514654e-05
ID_SAUEVY,0.0045972327,0.0003057427,0.99496883,0.00012819185
ID_EJXDZM,0.9993094,0.00039995136,0.0002686581,2.2084852e-05
ID_TWVGUH,1.85489e-05,1.435105e-06,1.3977185e-06,0.99997866
ID_YYKHQJ,6.8247355e-05,1.1795724e-05,8.468314e-06,0.9999114
ID_RSOEDW,3.213157e-05,0.99989915,1.8481673e-05,5.0238825e-05
ID_XXVUFS,0.99663335,0.0026340769,0.00029175475,0.00044081596
ID_HAGLMG,0.9997521,0.00014396867,9.950417e-05,4.4634326e-06
ID_SFVMMH,0.0008372476,3.727742e-05,0.99909043,3.5048164e-05
ID_WKPTIB,0.00069866376,0.00015473009,0.9990127,0.00013390416
ID_RHIKBI,1.4131329e-05,3.069012e-06,0.9999808,2.0698967e-06
ID_FQEEFC,0.00014171786,2.6069466e-07,1.00657445e-07,0.9998579
ID_MSTKSW,4.5860047e-06,0.9999734,1.5152439e-05,6.9583093e-06
ID_DFXCET,0.019495854,0.0006015037,0.97862554,0.0012770494
ID_TAXRNS,0.9995409,3.431252e-05,0.000362973,6.1865525e-05
ID_PBXXTP,2.097218e-06,1.2364781e-07,0.99999416,3.579955e-06
ID_HLUGGK,0.9961966,0.0006203611,0.003121611,6.144768e-05
ID_DEFZNC,0.0001639069,2.2014086e-05,0.99979717,1.6951893e-05
ID_VOHMHD,0.9769249,0.0020503153,0.020723592,0.0003012106
ID_LUJSLH,1.7767301e-05,0.99985266,8.668687e-05,4.2948035e-05
ID_TWHCGX,0.99969316,9.649962e-05,0.00017723895,3.3093667e-05
ID_GZVBSJ,7.033422e-06,0.99994135,2.1894539e-05,2.9657995e-05
ID_ITKBYB,0.9998448,6.7188266e-05,2.9693703e-05,5.8235277e-05
ID_AFBBWK,0.9998012,2.5445823e-05,0.00014148606,3.1936004e-05
ID_JXAXIB,4.130645e-06,0.9999852,5.636991e-06,4.9755854e-06
ID_VFJROL,0.9998553,0.000114150134,1.1124959e-05,1.9376828e-05
ID_FRMCKJ,0.0013390396,7.8073026e-05,0.9984798,0.00010310987
ID_IWZSCD,0.0008910025,1.7666429e-05,0.99906725,2.4000647e-05
ID_NNKBRS,0.9999471,1.9238092e-05,2.2518589e-05,1.1155411e-05
ID_GLCXOZ,0.0023124332,0.00027154112,0.99712425,0.00029187452
ID_JUHMAV,1.4160762e-05,0.9999347,1.5974512e-05,3.5114263e-05
ID_JNLKEV,0.99221647,1.8895596e-05,0.007170551,0.00059403875
ID_XVKNSD,5.900064e-05,0.00022925778,9.0767215e-05,0.9996209
ID_TUTHLI,3.0796553e-05,1.5120196e-05,3.2054468e-06,0.9999509
ID_ENOODO,0.9990951,0.0005706641,9.201952e-05,0.00024222239
ID_QSGSHH,0.9992537,3.5285317e-05,0.00066773593,4.320717e-05
ID_JMUPYH,8.774387e-06,0.9999622,2.5132379e-06,2.6451215e-05
ID_PAOKRA,0.99980026,4.2829914e-05,0.00013584449,2.1125506e-05
ID_KRNXGB,0.0016726345,0.00030717385,0.9978908,0.00012944787
ID_XIEMWG,2.9499613e-06,1.4512265e-06,0.9999927,2.8400143e-06
ID_KZHWLL,5.141414e-05,1.3332569e-06,1.9186525e-06,0.9999453
ID_TZTWZL,0.99987423,8.167383e-05,3.860752e-05,5.484459e-06
ID_QWQZCT,2.630671e-05,0.99992776,2.6525428e-05,1.9318783e-05
ID_CJIVXL,4.8767806e-06,6.470387e-07,0.99997663,1.7886578e-05
ID_HFFTBQ,1.3594876e-05,2.180909e-06,1.741512e-06,0.9999825
ID_JCPCLB,0.99798113,0.001629341,0.00017895654,0.00021058101
ID_JOFKPL,0.99953353,0.00037996503,8.251339e-05,4.071736e-06
ID_UABYGB,3.0208914e-05,4.4457597e-06,0.9999608,4.5640268e-06
ID_ESOHQM,0.000946682,8.8400375e-05,0.99891436,5.064593e-05
ID_FKSASE,0.00015909038,2.1387432e-05,0.99981254,7.0610645e-06
ID_FLPTMS,0.99960953,0.00023935379,0.00011435032,3.6718764e-05
ID_IBODDC,0.0029747277,0.00039688105,0.99648464,0.00014378596
ID_YWABZN,0.005230666,0.0004728166,0.99402136,0.00027509718
ID_STAGDU,6.5222166e-06,0.99985206,6.84479e-05,7.2920324e-05
ID_MSZOIE,6.102548e-05,0.0012724584,0.0011812202,0.9974853
ID_WXZKFS,0.99954635,0.00017773897,0.00022222966,5.3646494e-05
ID_AJCBOB,3.223777e-05,2.9243016e-05,6.111073e-06,0.9999324
ID_BGUKXP,1.3165343e-05,0.9999609,1.565197e-05,1.0385355e-05
ID_STTQTU,0.00033074888,0.0003952461,0.9992273,4.668928e-05
ID_YXWOUQ,2.6002199e-05,0.9996574,0.00023679867,7.981417e-05
ID_JODBGW,0.0004774171,0.00011718124,0.99931216,9.3248425e-05
ID_EBRDMD,0.00044675588,3.569981e-05,0.99948406,3.342422e-05
ID_WGEOSC,1.5436712e-05,1.6914144e-06,1.9042573e-05,0.9999639
ID_WITXOA,0.00018464966,0.99806446,1.0948611e-05,0.0017399979
ID_FVYNDH,6.4657805e-05,0.0027726104,0.0047265096,0.99243623
ID_EVQEWK,0.99963295,0.00018915792,0.0001746211,3.387353e-06
ID_UARLKT,8.68815e-06,6.5391214e-07,1.48894305e-05,0.9999758
ID_RIKUDS,3.5806381e-06,0.99997604,3.0120727e-06,1.7435439e-05
ID_ORSALM,4.425187e-06,3.0310852e-07,0.99998415,1.1080109e-05
ID_WAZIVO,8.954352e-06,0.9999449,3.015619e-05,1.595595e-05
ID_UVZRRF,0.99159384,0.002495251,0.0058537493,5.7203913e-05
ID_BGXNSA,1.2255491e-05,1.3863134e-06,3.016113e-06,0.9999833
ID_HKLNTW,0.9983829,2.9611461e-05,0.0015224428,6.4992775e-05
ID_ALHTER,3.2435066e-05,8.667438e-06,2.9635696e-05,0.9999293
ID_ELWLMP,1.7302262e-05,2.6834723e-06,2.2238198e-06,0.9999778
ID_FYCAFU,1.063315e-06,0.99998355,1.1881865e-05,3.4090715e-06
ID_SCHCGB,3.0345436e-05,0.9999275,3.1403975e-05,1.0780591e-05
ID_EANLQD,1.2330515e-05,6.073061e-07,0.9999809,6.1052356e-06
ID_GEIAET,5.211842e-05,4.530198e-06,0.9999349,8.491618e-06
ID_NFLKEF,1.7672199e-05,1.6003109e-05,2.177446e-05,0.99994457
ID_OGWZDU,1.5789808e-05,0.9994469,7.929528e-06,0.000529176
ID_VEULTD,4.2723374e-07,5.925184e-08,0.99999714,2.414816e-06
ID_XDCBML,2.8223516e-07,1.2448038e-08,0.9999974,2.3984933e-06
ID_OVVPGU,7.0939077e-06,8.907177e-08,1.1649522e-07,0.9999927
ID_EFRAIW,0.00035344556,8.3245695e-06,0.99961615,2.2088534e-05
ID_LFXTMI,7.097125e-06,0.9999722,3.694335e-06,1.6886732e-05
ID_MDSGOA,0.00013594446,3.861493e-06,0.9998473,1.2890462e-05
ID_QNGYRG,0.9998863,1.2359946e-05,4.3193555e-05,5.8180627e-05
ID_ZOCTOI,0.0002646554,1.5576317e-05,0.9996705,4.9200076e-05
ID_PUHXOV,1.6576985e-06,0.99997056,2.2901286e-05,4.870444e-06
ID_ZJDYLK,0.9995228,0.00036882368,9.7730685e-05,1.0750401e-05
ID_CIQIKP,2.729484e-05,2.2250137e-05,8.584411e-06,0.9999418
ID_MCXYEF,0.99967325,0.00012920013,0.00017768238,1.991749e-05
ID_MUGCIL,1.9851976e-05,0.00013270804,0.00027309684,0.99957436
ID_NBPVTP,2.0449246e-05,0.99993515,4.9597693e-06,3.9327177e-05
ID_BMTDZO,1.992665e-05,0.99917775,1.6286489e-05,0.00078602275
ID_GKGCDS,3.7049456e-05,5.7379543e-07,7.33473e-07,0.9999616
ID_TBMOOG,9.5438554e-05,0.00018962237,0.0002672781,0.99944764
ID_HRYIFA,0.9969699,0.0003378806,0.0025298076,0.00016247272
ID_BNPBKM,1.9510624e-05,1.6973341e-06,0.99997675,2.0033997e-06
ID_JWOPRN,0.99969685,3.5797355e-05,0.00021490791,5.251599e-05
ID_JNFGCU,6.1022075e-07,4.6404733e-07,0.9999975,1.4302856e-06
ID_GSFJFC,0.0002537999,0.0004531984,3.6991303e-05,0.99925596
ID_GCQNBX,4.617357e-05,0.9999082,1.286888e-05,3.2819116e-05
ID_HGCFTR,2.177489e-06,0.9999629,3.27312e-05,2.1738852e-06
ID_QBKVPR,1.00168945e-05,2.4060087e-06,0.99998534,2.2893687e-06
ID_KWBWRZ,0.9992424,1.5325397e-05,0.00063008803,0.00011209077
ID_VIFPQA,5.3340177e-06,0.999984,5.609452e-06,4.964593e-06
ID_FGIJSX,1.5163857e-05,0.9999571,6.7892806e-06,2.0975094e-05
ID_CPWFIE,6.0865703e-05,7.608068e-05,3.9709394e-05,0.9998234
ID_VOMBSI,8.440618e-06,2.0922613e-05,2.2992475e-05,0.99994767
ID_LPZTPI,0.99606967,0.00057725655,0.0032444373,0.00010868348
ID_MSTDFL,1.2917185e-05,4.6191058e-06,7.87241e-06,0.9999746
ID_KONGKK,5.3767294e-06,1.1490965e-06,2.838373e-06,0.9999906
ID_PVGLHK,1.6169342e-06,0.99998987,3.2801722e-06,5.140964e-06
ID_PVVNGT,1.158199e-05,0.9999658,5.020139e-06,1.7688593e-05
ID_TTFIOX,8.2887846e-07,0.999992,1.4257862e-06,5.6662793e-06
ID_ZDCEPH,2.6152966e-05,0.99984086,7.226298e-06,0.00012577871
ID_NTGAWG,0.0016465895,2.0639902e-05,0.99779177,0.0005409958
ID_KLRPRZ,0.00015710271,1.3146272e-05,0.9997768,5.3030733e-05
ID_HFCFFD,0.99525994,0.00032455102,0.0038805204,0.0005351345
ID_RPPEEI,2.4079365e-05,6.8560444e-06,2.4558024e-06,0.9999666
ID_EDWVNO,4.6279247e-06,1.2620455e-06,0.9999908,3.2864252e-06
ID_PBXKUS,1.7049053e-05,1.4419333e-06,2.5074362e-06,0.999979
ID_UUMDMC,1.1181011e-05,0.99989045,1.9083478e-05,7.9276506e-05
ID_VIJQDQ,1.2782883e-06,0.9999862,6.107125e-06,6.39732e-06
ID_BSKTJR,4.9309972e-05,0.99965286,0.00011462059,0.0001831265
ID_WCKSIF,1.9379528e-05,4.1357207e-06,0.9999659,1.0575375e-05
ID_AGKIYB,0.00027160384,4.240179e-05,0.9996742,1.1826465e-05
ID_JDCHUI,0.98776174,0.008292893,0.0033078552,0.0006375115
ID_VRTYHC,9.444148e-06,3.0324426e-07,1.858711e-06,0.99998844
ID_AVZMAJ,3.5440025e-06,0.9999896,1.2972124e-06,5.4747966e-06
ID_WSIIFG,1.4868941e-05,4.4532804e-05,2.6672085e-05,0.99991393
ID_GXGVNB,1.2859705e-05,5.9397263e-07,9.562816e-07,0.9999856
ID_XDMVMM,2.583118e-06,0.99997604,8.390736e-06,1.2940088e-05
ID_XAJLRM,6.313634e-06,0.9999696,1.0135158e-05,1.40028005e-05
ID_DLHWNC,1.559264e-05,2.500644e-06,1.2572133e-06,0.9999807
ID_ZRRDIN,6.462676e-06,2.1008177e-07,1.2577876e-06,0.999992
ID_YMVRHW,0.99893564,0.00044398257,0.00046241592,0.00015804348
ID_HCITXL,1.0953225e-05,0.9998801,6.67242e-06,0.000102289465
ID_SEZDZP,9.409705e-06,9.647214e-07,1.7679798e-05,0.999972
ID_JCFYTI,3.5985079e-06,8.6432493e-07,0.99999046,5.170414e-06
ID_WCZJPK,7.251254e-06,5.5692915e-08,1.9447285e-07,0.9999925
ID_KIQVVD,0.000104226885,1.419166e-05,0.999816,6.559329e-05
ID_ZDXTOM,1.8330105e-05,2.0044212e-05,1.2667418e-05,0.999949
ID_YUXJAI,0.9998734,0.00011279496,1.1091906e-05,2.7676717e-06
ID_NAQYIP,4.5958033e-05,0.99969065,4.0609434e-06,0.00025927895
ID_TBIUHC,3.177742e-06,0.99999166,2.9215687e-06,2.1591206e-06
ID_HJRWRC,1.9180277e-05,2.7296961e-05,0.00021910823,0.99973446
ID_FDJQKW,6.126779e-05,2.9418814e-07,3.7633552e-07,0.999938
ID_MUKHHA,6.534215e-05,4.3687755e-06,0.9999232,7.0844026e-06
ID_DIHNQA,0.0003551946,6.4060696e-05,0.9995492,3.1437394e-05
ID_JEJIUK,4.4424323e-05,0.99958366,0.00011251392,0.0002594533
ID_NSTSNW,0.00017339656,2.4501376e-05,0.99978834,1.3855734e-05
ID_BFHWMT,0.99986017,5.4598262e-05,7.7196615e-05,7.993988e-06
ID_VSEPYP,2.8816437e-05,2.0703965e-05,8.442316e-05,0.999866
ID_OLWSVJ,1.4619861e-05,3.3590263e-06,6.7058204e-07,0.9999814
ID_AQDZLZ,0.00010436136,0.99863064,2.4873862e-05,0.0012400838
ID_IBNEAO,3.4858633e-05,1.822049e-05,2.1962903e-06,0.9999447
ID_HQMIJT,6.118567e-06,0.9999486,3.5190164e-06,4.1753123e-05
ID_GIUONV,0.004379808,0.00010726908,0.9949896,0.0005233078
ID_BEHPUD,1.1421582e-05,2.7332753e-06,3.0651631e-06,0.99998283
ID_XGBUNW,0.0018889803,0.00026498694,0.99777126,7.4769385e-05
ID_JRKXJK,0.0008665605,6.359033e-05,0.99902153,4.8336155e-05
ID_JIVAMT,0.0029384855,0.00021643747,0.9967872,5.7880614e-05
ID_YIPVQW,1.0513257e-05,2.1094038e-06,4.721883e-06,0.9999827
ID_LINCBY,1.557479e-05,5.216055e-06,0.9999758,3.465571e-06
ID_OTMIGF,0.0015783398,5.2391148e-05,0.9981939,0.00017540679
ID_XGOABT,0.99878377,0.00012739756,0.0010309839,5.7822584e-05
ID_KMJAIJ,1.9632918e-05,1.5819674e-06,0.99997306,5.6667827e-06
ID_CNVJTD,3.303309e-05,2.4964073e-05,3.920161e-06,0.99993813
ID_ZWMJPU,1.9141984e-05,8.165486e-06,4.139113e-06,0.9999685
ID_QURHKE,6.0471022e-05,0.99931574,0.00023386352,0.00038991976
ID_RGTTHZ,0.99992204,2.155174e-05,4.520483e-05,1.1184009e-05
ID_EJROPO,0.9998995,5.004799e-05,3.1206535e-05,1.9188128e-05
ID_IYZNTX,3.6715963e-07,0.9999938,2.4397593e-06,3.4504042e-06
ID_VMZNWI,1.993973e-05,0.999908,5.511856e-05,1.7038366e-05
ID_BCGAMY,0.00031427224,1.148046e-05,0.99965143,2.2739701e-05
ID_PWNDLE,2.8717398e-06,0.999772,5.762853e-05,0.00016750902
ID_BZSGLQ,0.99971575,6.4560525e-05,0.00014576939,7.384274e-05
ID_WNMRRC,0.00078113977,0.00014771623,0.9990293,4.1916523e-05
ID_YAUMQG,0.9996126,2.6904e-05,0.0003139081,4.662802e-05
ID_XYVFYX,1.7607064e-05,2.7491003e-05,5.598257e-05,0.9998989
ID_CKYLDD,7.755284e-05,4.8628805e-05,7.134017e-05,0.99980253
ID_GDNXCQ,0.99993,4.53874e-05,1.8739918e-05,5.89649e-06
ID_MFNEMR,0.9979474,0.0018534047,0.00018219551,1.6989152e-05
ID_BYTEUW,9.447675e-05,0.99829525,2.125653e-05,0.0015889881
ID_ADBLNY,4.6183228e-05,0.99960345,0.00014465682,0.00020564586
ID_YXBJNZ,0.00089505635,0.00015977187,0.9988386,0.000106547894
ID_GOKJUH,0.9999193,1.4238543e-05,5.9201346e-05,7.2192806e-06
ID_QTTMED,6.397757e-05,9.34363e-06,2.3996656e-06,0.9999243
ID_WHNZHM,8.88846e-06,0.9999472,3.4161988e-06,4.0427836e-05
ID_MREXLF,1.7967266e-05,0.999959,3.2387638e-06,1.9812831e-05
ID_IADKDN,1.2095196e-05,7.7213826e-07,6.93263e-06,0.9999802
ID_WOZQOQ,0.99949193,0.00049150427,1.4851869e-05,1.6129849e-06
ID_EJEHKC,0.9992306,0.00030821262,0.0004267799,3.4453336e-05
ID_GPZVGY,8.963008e-05,5.3404463e-05,0.9998529,4.0060454e-06
ID_ECPNHL,0.9996532,0.00032676363,1.6181737e-05,3.8337103e-06
ID_HGWDFO,0.00018515473,2.5459272e-05,0.9997651,2.4312043e-05
ID_AYUWST,1.2835808e-05,7.799133e-06,1.4148827e-05,0.9999652
ID_GPUNWD,2.4698771e-05,0.99931633,0.0004591704,0.0001999167
ID_PUMIOI,0.99881005,0.00054612046,0.00035081964,0.00029299431
ID_RDHURE,0.9988217,0.0005819431,0.00041885296,0.00017758216
ID_OPIJCZ,5.534322e-05,3.445297e-05,2.3956061e-05,0.9998863
ID_ASNCNV,0.0004261435,6.61064e-05,0.9994734,3.4412016e-05
ID_DKLXBK,8.479318e-06,2.4237443e-06,0.9999778,1.1334404e-05
ID_XHTZCI,6.8482796e-06,0.99996066,2.7422561e-06,2.9793026e-05
ID_WLRZRX,0.00010206276,0.99851495,1.4887868e-05,0.0013682035
ID_KQZHKZ,0.0001064507,1.5881388e-06,0.9998784,1.3591738e-05
ID_RGJGFW,6.288078e-05,2.0751697e-06,1.045463e-06,0.99993396
ID_WSWMZK,5.594178e-06,1.2237934e-05,0.00010594449,0.99987626
ID_IAUNPQ,0.00015676195,2.1532783e-06,0.99983037,1.0749034e-05
ID_REULJL,5.170621e-06,0.99990463,5.2247524e-05,3.7973525e-05
ID_QUMMZT,5.2679644e-07,0.99999785,4.1931514e-07,1.1933984e-06
ID_YXVKZR,0.00014508978,1.902387e-05,0.9998053,3.059256e-05
ID_XLUWLV,4.5622673e-05,1.0964509e-05,6.375063e-06,0.99993706
ID_MFXZBJ,0.0011594013,0.0001894367,0.9985851,6.6111046e-05
ID_WEKMZT,0.002382972,1.274116e-05,0.9975739,3.0273317e-05
ID_XTJPEO,2.7121521e-05,0.99993277,1.6186068e-06,3.8362e-05
ID_RWIORE,2.2607286e-05,3.0943755e-07,0.9999739,3.2049488e-06
ID_WFFAQL,0.999979,1.6223947e-05,2.9758598e-06,1.804527e-06
ID_TIKKOC,0.9999193,3.0204203e-05,3.3821267e-05,1.6675938e-05
ID_ZNJUOS,0.0021788566,0.00018839625,0.9975562,7.643423e-05
ID_WYUYMY,4.6258567e-05,0.9989127,0.00050352456,0.0005375956
ID_UMZXKJ,8.51557e-05,4.750437e-06,0.9999052,4.892368e-06
ID_CIZFBU,1.4646689e-05,3.0692303e-05,9.8706274e-05,0.9998559
ID_BGAGEX,0.00022351113,8.461786e-06,0.9997429,2.5161458e-05
ID_WIGQLP,3.7538048e-06,0.99997807,5.1053203e-06,1.3108765e-05
ID_LDNOVV,1.755514e-05,8.4133215e-05,2.1286698e-05,0.999877
ID_KWQHIP,1.4983446e-05,9.962966e-07,0.99995494,2.9132165e-05
ID_MZMTYP,8.792814e-05,0.9992446,0.00022077071,0.0004468056
ID_XFWNKY,0.009613015,0.0012356563,0.9887179,0.00043342143
ID_ZOAAVW,2.8696313e-05,4.109473e-06,0.9999335,3.3790857e-05
ID_JIXSST,8.897991e-06,1.4494906e-06,2.652556e-05,0.99996316
ID_QKHPMH,0.00012146935,0.99843675,0.0007768543,0.00066480384
ID_VAYSCY,0.000117140116,7.2213884e-06,1.5315376e-05,0.9998603
ID_URPUJI,1.7452505e-05,2.3156924e-06,5.398316e-06,0.99997485
ID_RWROAQ,0.00010779443,0.99830186,0.00089601707,0.0006943383
ID_OSWRUL,0.9932307,0.0012171317,0.005463175,8.886524e-05
ID_UZCADS,2.329899e-05,1.1863863e-06,0.9999746,9.029649e-07
ID_CFUAPP,7.441738e-05,1.3326304e-05,9.275301e-06,0.99990296
ID_YBEXJU,0.00070362096,0.00024750823,0.9989981,5.0731633e-05
ID_LRVSVW,8.103163e-05,0.99897194,0.0006918923,0.00025525675
ID_YAUXJL,3.571997e-05,0.99989784,3.4946252e-06,6.297562e-05
ID_EAPNYZ,0.00019535905,4.722845e-05,0.9997472,1.0283625e-05
ID_XIIOWV,3.213639e-05,0.99956375,6.949117e-05,0.00033465307
ID_LZAUTA,7.587967e-06,1.5733762e-07,5.8484335e-07,0.99999166
ID_DMOSUZ,4.277717e-06,1.439003e-06,0.9999914,2.8650652e-06
ID_TSSLAD,0.9996835,0.00024649373,6.130181e-05,8.817662e-06
ID_KAWYYK,0.00057142496,1.8841942e-05,0.99939156,1.8161552e-05
ID_WKYNLU,0.00019049217,5.0010026e-06,0.9997906,1.399988e-05
ID_SIFZMG,0.9996055,0.00011856691,0.00019989771,7.599819e-05
ID_JIFUYY,5.2560163e-06,4.904114e-08,0.9999945,1.2703006e-07
ID_UOOAPA,0.99961746,0.000112441885,0.0002236029,4.650408e-05
ID_XNGQBZ,0.99959916,0.00037808015,1.3352375e-05,9.424254e-06
ID_TIVDWG,0.00029751362,2.3305656e-06,7.4771197e-07,0.9996995
ID_SOEIUE,0.509557,0.024397343,0.46240753,0.0036381057
ID_RWYITO,0.99993956,2.49425e-05,1.9263816e-05,1.6197722e-05
ID_FUMEPV,8.665276e-05,0.999608,0.00014839004,0.0001570904
ID_RWUAEX,2.7032762e-05,2.640733e-05,3.0235959e-05,0.9999163
ID_PLZYXW,0.9950688,0.0044840183,8.6546774e-05,0.00036061846
ID_TJNQXM,6.186613e-05,3.3499673e-06,0.99993014,4.6665323e-06
ID_DSBIZA,4.6571968e-06,3.518007e-07,2.704148e-06,0.99999225
